adi_threshold,cv2_threshold,score,separation,entropy,min_share,min_weighted_share,min_count_share,smooth_share,erratic_share,intermittent_share,lumpy_share,smooth_count_share,erratic_count_share,intermittent_count_share,lumpy_count_share,iteration
2.3333333333333335,1.0043113491779292,0.7115780052134176,0.6679181785577474,0.9589836895955497,0.13379424665161152,0.13379424665161152,0.130521327014218,0.36795671747671926,0.24620572500277862,0.2520433108688883,0.13379424665161152,0.3771563981042654,0.24511848341232229,0.2472037914691943,0.130521327014218,1
2.3333333333333335,1.0041488817220292,0.7117037687443184,0.6681327111535794,0.9586064284251724,0.12779539931769424,0.12779539931769424,0.12529618045682875,0.3582943255546633,0.2521909512025022,0.26171932392513914,0.12779539931769424,0.3677376551985594,0.25163491612169464,0.25533124822291725,0.12529618045682875,2
2.5,1.0207257038550528,0.7121474955490418,0.6708615665967209,0.9461010929455269,0.11898404048576612,0.11898404048576612,0.11562885034593877,0.38518925920431013,0.26118293549683863,0.23464376481308397,0.11898404048576612,0.39465453511515497,0.2612074684863994,0.22850914605250688,0.11562885034593877,3
2.5,1.0021572482368513,0.7106751077054165,0.6696659770006139,0.9430601816992983,0.11523715758270871,0.11523715758270871,0.11165876777251185,0.38755144531307545,0.26487873067814827,0.23233266642606692,0.11523715758270871,0.3977251184834123,0.2642654028436019,0.22635071090047393,0.11165876777251185,4
2.3333333333333335,1.009882881352333,0.7114820140898803,0.6678975958297544,0.958460384230594,0.12860841855704544,0.12860841855704544,0.12529618045682875,0.36063450872255604,0.2514392643310343,0.2593178083893632,0.12860841855704544,0.37077054307648566,0.25078191640602787,0.25315136006065775,0.12529618045682875,5
2.3333333333333335,0.9975062293311049,0.7103141362805672,0.666778205928938,0.9570177416064662,0.1272341914652534,0.1272341914652534,0.1243366186504928,0.36377449215000035,0.2528774351220647,0.2561138812626807,0.1272341914652534,0.3724412433661865,0.2519901440485216,0.2512319939347991,0.1243366186504928,6
2.3333333333333335,1.0157858884224227,0.7133824880885018,0.6699744862050321,0.9593611654281643,0.12958655030321942,0.12958655030321942,0.12654028436018958,0.35877227895813385,0.25036414473755064,0.26127702600109465,0.12958655030321942,0.36834123222748816,0.2490047393364929,0.2561137440758294,0.12654028436018958,7
2.3333333333333335,1.0007933553755162,0.7105375128755202,0.6672271561921632,0.9559628674145434,0.12615777659695324,0.12615777659695324,0.12302151454838404,0.36577709057613095,0.253884805172417,0.25418032765449783,0.12615777659695324,0.37541465263956025,0.2529618045682874,0.24860202824376837,0.12302151454838404,8
2.3076923076923075,1.0160456632211907,0.7121137336552879,0.6689406835103173,0.9567610178101209,0.12593486077935345,0.12593486077935345,0.1223696682464455,0.36218683777355193,0.25402546158286227,0.25785283986423035,0.12593486077935345,0.37156398104265403,0.25364928909952605,0.2524170616113744,0.1223696682464455,9
2.3333333333333335,0.9971224094080857,0.7096996658185659,0.6664528568858146,0.95476491643749,0.12093867504931938,0.12093867504931938,0.11962085308056872,0.35950540927620145,0.2591165150870747,0.26043940058740234,0.12093867504931938,0.3667298578199052,0.25838862559241704,0.255260663507109,0.11962085308056872,10
2.3636363636363638,1.0052652110512093,0.7165623072827848,0.6742351951489282,0.9564159427079726,0.125237788052699,0.125237788052699,0.12255924170616114,0.3621470482400293,0.2547317292662961,0.2578834344409746,0.125237788052699,0.3717535545023697,0.25364928909952605,0.25203791469194314,0.12255924170616114,11
2.5,0.9614426290683702,0.7138078471868871,0.6713105995647011,0.9546255837126081,0.1269815290624381,0.1269815290624381,0.12264240356364325,0.35846359740823686,0.2930110771406903,0.22154379638863486,0.1269815290624381,0.36878021040659653,0.29276845796606954,0.21580892806369065,0.12264240356364325,12
2.5,1.007247322523873,0.7136460128139832,0.6729399939304008,0.9443134531542833,0.116746869221689,0.116746869221689,0.11400682335102351,0.3866064784371225,0.2632481086475724,0.23339854369361457,0.116746869221689,0.3957543593631539,0.2639310083396513,0.22630780894617133,0.11400682335102351,13
2.5,1.0038432800971273,0.7108117940274089,0.6699083869062348,0.9425977677140623,0.11306722162134496,0.11306722162134496,0.10974222896133434,0.38522127375018106,0.26688741310082864,0.23482409152764455,0.11306722162134496,0.3955648218347233,0.266868840030326,0.22782410917361637,0.10974222896133434,14
2.3076923076923075,1.009234602758202,0.7141006638831786,0.6711206468745337,0.9576540935988335,0.1290263784560874,0.1290263784560874,0.12587677725118485,0.3646991533889679,0.250931331778776,0.25534313637616657,0.1290263784560874,0.3743127962085308,0.2509004739336493,0.24890995260663507,0.12587677725118485,15
2.5,1.0105649965917394,0.7106846709813088,0.6701257395981361,0.9405186154859535,0.11117613460544397,0.11117613460544397,0.10820541974606784,0.387655237464345,0.26885041803378434,0.23231820989642546,0.11117613460544397,0.39710062535531554,0.2689027856736782,0.22579116922493842,0.10820541974606784,16
2.5,1.006650895450099,0.70843110318697,0.6670425926397892,0.9429659962876614,0.11672812091159152,0.11672812091159152,0.11344896218367927,0.39018655241167505,0.26328070294505296,0.2298046237316789,0.11672812091159152,0.4011941996019335,0.26177613496351054,0.2235807032508767,0.11344896218367927,17
2.3333333333333335,1.015798899758582,0.7109354253968081,0.6674656133441086,0.9572643603621055,0.12859469191237843,0.12859469191237843,0.1262439579186807,0.36540242817739244,0.2513855866872359,0.25461729322299054,0.12859469191237843,0.37437209743152305,0.2499289166903611,0.24945502795943514,0.1262439579186807,18
2.3333333333333335,1.0097816069220773,0.710598687279054,0.6670692518300443,0.9572654881567758,0.1276722425097418,0.1276722425097418,0.1255805136953843,0.36364806678031114,0.25239866485437523,0.25628102585556956,0.1276722425097418,0.37190787603070796,0.2505923609136575,0.25191924936025023,0.1255805136953843,19
2.5,1.0115245658073757,0.71699817037603,0.6777059297650815,0.9396542005047384,0.11041130114116628,0.11041130114116628,0.10737300985595148,0.3886725244862064,0.26958134892176255,0.23133482545086284,0.11041130114116628,0.3975549658832449,0.2696171341925701,0.22545489006823352,0.10737300985595148,20
2.3333333333333335,1.004327003199689,0.7125616867481298,0.669114991910494,0.9587596241614,0.13031332232882273,0.13031332232882273,0.12785517960382903,0.3627438029536633,0.24971027911528926,0.25723259560222356,0.13031332232882273,0.3708653208226708,0.24945502795943514,0.251824471614065,0.12785517960382903,21
2.3333333333333335,1.0080066037588402,0.7122336482935776,0.6689771736806851,0.9573536710999678,0.12992495300520907,0.12992495300520907,0.12690740214197707,0.36746097676292755,0.25008037554546825,0.2525336946863931,0.12992495300520907,0.37749976305563454,0.24850725049758315,0.24708558430480523,0.12690740214197707,22
2.5,1.0051807936762267,0.713220824841162,0.6733665822750365,0.9390615327158728,0.10891294005543999,0.10891294005543999,0.10670962850644428,0.38761706425849357,0.27116735878836606,0.2323026368976985,0.10891294005543999,0.3978392721758908,0.270470053070508,0.22498104624715692,0.10670962850644428,23
2.5,1.0043071746215537,0.7104170485240627,0.6694422609060819,0.9426075116926207,0.11200491736808382,0.11200491736808382,0.10889963036678987,0.3833011200101715,0.2679887401449812,0.23670522247676298,0.11200491736808382,0.3940858686380438,0.2673680219884371,0.22964647900672921,0.10889963036678987,24
2.3333333333333335,1.0077818978116582,0.7133854722317691,0.6703602990761258,0.9571947867804139,0.12678380868257272,0.12678380868257272,0.124739336492891,0.3621765280056858,0.2535576996096846,0.2574819637020542,0.12678380868257272,0.3707109004739336,0.25251184834123225,0.25203791469194314,0.124739336492891,25
2.3076923076923075,1.0070758948464393,0.7117268792852018,0.6684738508536896,0.9568273737304381,0.12738093775981144,0.12738093775981144,0.12434840299497678,0.3648015334367883,0.2526612226531125,0.25515630615028545,0.12738093775981144,0.3738982087005971,0.252298360344991,0.24945502795943514,0.12434840299497678,26
2.3076923076923075,1.0146234596423298,0.7136209203235349,0.6710384985529257,0.9549213103569868,0.12209962984688383,0.12209962984688383,0.11941996019334661,0.3615111431048966,0.2581839019893333,0.2582053250588843,0.12209962984688383,0.37029665434555964,0.25722680314662116,0.2530565823144726,0.11941996019334661,27
2.3076923076923075,1.0108548456240996,0.7110633349754262,0.6677160352997284,0.9566980331377134,0.12679371435160927,0.12679371435160927,0.123969292010236,0.3641679180925262,0.2532223942701474,0.2558159732857141,0.12679371435160927,0.37475120841626386,0.25125580513695384,0.2500236944365463,0.123969292010236,28
2.3333333333333335,1.0166411424911022,0.7137463839759,0.6708418606841507,0.9568720159624788,0.12613592681672148,0.12613592681672148,0.12341232227488151,0.3621493501479435,0.25384346558508325,0.2578712574502496,0.12613592681672148,0.3709004739336493,0.2532701421800948,0.2524170616113744,0.12341232227488151,29
2.3333333333333335,1.0182756885346251,0.7112076368404612,0.6676674759890528,0.9579352149984418,0.1250459783637899,0.1250459783637899,0.12227488151658768,0.35505900079237773,0.25498124414964873,0.26491377669418126,0.1250459783637899,0.36360189573459717,0.25469194312796206,0.2594312796208531,0.12227488151658768,30
2.5,1.0051266864613704,0.7106648203968973,0.6694959656785433,0.9439549971342368,0.11399049749915588,0.11399049749915588,0.1106056297981234,0.3829648871552104,0.2660120239061273,0.23703259143950467,0.11399049749915588,0.39294853568382143,0.2654724670647332,0.23097336745332195,0.1106056297981234,31
2.3333333333333335,1.0261390486241124,0.7134857578410855,0.6706428961609652,0.9562619740284337,0.12769508761374312,0.12769508761374312,0.12606635071090047,0.3675252115408623,0.2523672997068242,0.2524124011385692,0.12769508761374312,0.37725118483412323,0.2501421800947867,0.24654028436018957,0.12606635071090047,32
2.3333333333333335,1.0136094330922527,0.7139140376675559,0.670680483079926,0.9589041803307926,0.1279906346350496,0.1279906346350496,0.12529618045682875,0.35739321041783706,0.251994348292151,0.26262180665495877,0.1279906346350496,0.3677376551985594,0.25078191640602787,0.256184247938584,0.12529618045682875,33
2.3636363636363638,1.0092945449010475,0.7116531492490544,0.6684086313026391,0.9567054176120753,0.12854670867160542,0.12854670867160542,0.12623199393479909,0.3674210943532494,0.25146153280708267,0.25257066416806145,0.12854670867160542,0.37547384382107657,0.25161106899166036,0.246683093252464,0.12623199393479909,34
2.3333333333333335,1.015323829999772,0.7132256201037195,0.6700449079393285,0.9579163223686028,0.12939035273057875,0.12939035273057875,0.12709695763434745,0.3643564939473306,0.2505895163030657,0.2556636370190236,0.12939035273057875,0.37408776419296746,0.24907591697469433,0.2497393611979907,0.12709695763434745,35
2.3333333333333335,1.0123384160990196,0.7120993624300178,0.6689209905964975,0.9567768028199666,0.12704487621383947,0.12704487621383947,0.123969292010236,0.364347478590991,0.2529116071130709,0.25569603808209745,0.12704487621383947,0.37276087574637473,0.25286702682210216,0.25040280542128707,0.123969292010236,36
2.362437088762858,1.0135296893070347,0.7162425937547373,0.6739511501714998,0.9558941073930832,0.12625455367252464,0.12625455367252464,0.1223696682464455,0.36622294433380775,0.2537260151284898,0.25379648686517736,0.12625455367252464,0.37611374407582937,0.2527962085308057,0.24872037914691944,0.1223696682464455,37
2.3636363636363638,1.0178513407284477,0.7127321774995551,0.6696488400789249,0.9568710895497928,0.12892196858081814,0.12892196858081814,0.12530805687203792,0.3674791778931058,0.25117693014342013,0.2524219233826549,0.12892196858081814,0.3774407582938389,0.2513744075829384,0.24587677725118484,0.12530805687203792,38
2.3076923076923075,1.0109532787030326,0.7135924495541965,0.6709231684159185,0.9553850426711059,0.12182592770619469,0.12182592770619469,0.11865049279757392,0.3589167467251046,0.2582062472929123,0.2610510782757863,0.12182592770619469,0.36884003032600454,0.2577710386656558,0.25473843821076575,0.11865049279757392,39
2.3636363636363638,0.9977582954740938,0.7153986963810799,0.6729357739791697,0.9560219233252378,0.12626235622015552,0.12626235622015552,0.12246445497630332,0.36575291723905373,0.2537799900271828,0.25420473651360703,0.12626235622015552,0.37601895734597157,0.25308056872037915,0.24843601895734596,0.12246445497630332,40
2.5,1.0055581199063575,0.7130939163567331,0.6720805828420524,0.9455028062732573,0.11483072089911123,0.11483072089911123,0.11109004739336494,0.37987403393540126,0.26529358427440786,0.24000166089107886,0.11483072089911123,0.3898578199052133,0.2661611374407583,0.2328909952606635,0.11109004739336494,41
2.3333333333333335,1.005761304852492,0.7116214403355402,0.6684958740513794,0.9559996492791176,0.122524620309969,0.122524620309969,0.11981042654028436,0.3578682903845568,0.25750595363447276,0.26210113567099996,0.122524620309969,0.36729857819905215,0.2569668246445498,0.2559241706161137,0.11981042654028436,42
2.5,0.9681309216192936,0.7128454485463102,0.670119854874478,0.9549571460200259,0.1273844586396187,0.1273844586396187,0.12273718130982846,0.35806883818619695,0.2928451941094454,0.22170150906473787,0.1273844586396187,0.3668846554828926,0.2944744573974031,0.21590370580987583,0.12273718130982846,43
2.3333333333333335,1.026680904897994,0.7133293813630792,0.6705708728618853,0.9556275962031779,0.12227101018813348,0.12227101018813348,0.12073540561031085,0.3589048988609354,0.2577104272381276,0.2611136637128012,0.12227101018813348,0.36751326762699016,0.25615996967399546,0.25559135708870356,0.12073540561031085,44
2.3333333333333335,1.0059684440564172,0.7134761461938524,0.6706275750652737,0.9562847159224652,0.1264169964638324,0.1264169964638324,0.12322274881516587,0.36504399787866604,0.25367713972507666,0.2548618659324238,0.1264169964638324,0.3747867298578199,0.25317535545023695,0.24881516587677724,0.12322274881516587,45
2.5,1.00319069201217,0.7095694521229733,0.6680922879691538,0.9446067156612843,0.11476321194779107,0.11476321194779107,0.11183774049853094,0.3824363148300492,0.2652414402076774,0.2375590330144812,0.11476321194779107,0.3928537579376362,0.26376646763339967,0.23154203393043313,0.11183774049853094,46
2.5,1.001312522397325,0.7110920623458947,0.6700983958669655,0.9433895057264939,0.11182221861790131,0.11182221861790131,0.10880485262060469,0.38067638382872004,0.26815348619007856,0.23934791136329683,0.11182221861790131,0.3912425362524879,0.26803146621173346,0.2319211449151739,0.10880485262060469,47
2.5,1.0231511761055707,0.7113280164747038,0.6706900812066956,0.9416096496600838,0.11222894809561106,0.11222894809561106,0.10965785233627144,0.38651536928220476,0.2677194588198746,0.23353622380230857,0.11222894809561106,0.3966448677850441,0.26717846649606675,0.22651881338261776,0.10965785233627144,48
2.3333333333333335,1.010975378624436,0.7099743775393234,0.6665457161072936,0.9560701256541589,0.1255503440007322,0.1255503440007322,0.12207373708653209,0.3641707707472744,0.25442076840966465,0.25585811684232834,0.1255503440007322,0.37351909771585634,0.2533409155530281,0.25106624964458346,0.12207373708653209,49
2.3333333333333335,1.0057147485102553,0.7134806594320834,0.6705652687458816,0.9566678733205601,0.12963547554739252,0.12963547554739252,0.12662306890342148,0.36945358347976254,0.2503405709003226,0.2505703700725201,0.12963547554739252,0.37939531797933845,0.24936025021324992,0.24462136290399014,0.12662306890342148,50
2.3333333333333335,1.002256222952912,0.7134257133025671,0.6704451487158375,0.9569822459607019,0.12420582380595996,0.12420582380595996,0.1216946261017913,0.3574444843860976,0.2557891259573075,0.26256056585063375,0.12420582380595996,0.3662212112595962,0.25561558146147284,0.2564685811771396,0.1216946261017913,51
2.3333333333333335,1.005887759497234,0.7132160588773377,0.6699696041523355,0.9582793023190174,0.1279331998900892,0.1279331998900892,0.12482229172590276,0.36001553563201105,0.2521625816496153,0.25988868282828365,0.1279331998900892,0.3699175433608189,0.25068713865984266,0.2545730262534357,0.12482229172590276,52
2.3333333333333335,1.004169479109628,0.7114172198872126,0.6679649126096867,0.9576469611265261,0.1258863866532158,0.1258863866532158,0.12329416224412433,0.35832952696116555,0.2541052752147069,0.2616788111709079,0.1258863866532158,0.3681766489764973,0.2532221379833207,0.25530705079605764,0.12329416224412433,53
2.3333333333333335,1.0186496270582477,0.7112360202340092,0.6673681769552333,0.959820465480406,0.12991291558627877,0.12991291558627877,0.12700217988816226,0.357462864257716,0.25030611743941616,0.2623181027165886,0.12991291558627877,0.3668846554828926,0.2497393611979907,0.2563738034309544,0.12700217988816226,54
2.5,1.0048515176366144,0.7130698788149188,0.6720795774720149,0.9453482530913745,0.11291017686762578,0.11291017686762578,0.10918396360534546,0.37673646258315596,0.26711083282891857,0.24324252772029784,0.11291017686762578,0.38678798218178373,0.26878968818121507,0.23523836603165577,0.10918396360534546,55
2.5,0.997872427118023,0.7090586723646315,0.6685738045664793,0.9384729232208266,0.10703767871335552,0.10703767871335552,0.10463463178845607,0.3858362877172366,0.27293515141534025,0.23419088215406778,0.10703767871335552,0.3947493128613402,0.2717277983129561,0.22888825703724766,0.10463463178845607,56
2.5,1.0057310891034403,0.7114833051522964,0.6705628220551704,0.943366042702677,0.1133050750922393,0.1133050750922393,0.11004739336492891,0.38342295435319745,0.2667988923732913,0.23647307818127067,0.1133050750922393,0.3933649289099526,0.2667298578199052,0.22985781990521326,0.11004739336492891,57
2.3333333333333335,1.0141041868136513,0.7108721852124184,0.667654269849729,0.9557737056009917,0.12549263691353282,0.12549263691353282,0.12347199848384345,0.3652092293115434,0.254491731272411,0.2548064025025104,0.12549263691353282,0.3740168672415427,0.25291386335639154,0.2495972709182223,0.12347199848384345,58
2.3333333333333335,1.0134792438614164,0.7112558672187804,0.6675852505075329,0.9587226952491829,0.13029255486171457,0.13029255486171457,0.1271090047393365,0.36285695071768215,0.24977409233238596,0.25707640208821614,0.13029255486171457,0.3732701421800948,0.24796208530805688,0.25165876777251184,0.1271090047393365,59
2.5,0.9548682554671583,0.7119222946364215,0.6690923956088716,0.9546250557925383,0.1241543004854939,0.1241543004854939,0.12073540561031085,0.3532224009435504,0.29588892916342624,0.22673436940752617,0.1241543004854939,0.3622062168309325,0.29577331311599697,0.22128506444275967,0.12073540561031085,60
2.5,1.0032291564063143,0.707225130981906,0.6655262601874241,0.9435187321506364,0.11760771369407351,0.11760771369407351,0.11458629513790163,0.3900949700944485,0.26234703161087064,0.22995028460060654,0.11760771369407351,0.40081508861719267,0.260544024263103,0.22405459198180266,0.11458629513790163,61
2.3333333333333335,1.015116282808445,0.7110209027558162,0.6672943550339272,0.958804673179854,0.131527804980591,0.131527804980591,0.12862559241706162,0.3647945670093277,0.2484982055119965,0.2551794224980848,0.131527804980591,0.3733649289099526,0.2476777251184834,0.2503317535545024,0.12862559241706162,62
2.3333333333333335,1.0041147671648634,0.7088076560203467,0.6650032486650179,0.9570326310338758,0.1280163677615748,0.1280163677615748,0.12481046247156936,0.36521464392035097,0.2520248301999195,0.25474415811815176,0.1280163677615748,0.37537907505686124,0.25104245640636846,0.24876800606520091,0.12481046247156936,63
2.3333333333333335,1.0025883514668146,0.7141291680973803,0.671296377847467,0.9568483128468891,0.12484211086558084,0.12484211086558084,0.12254762581745807,0.35948414031235204,0.25515609374213194,0.2605176550799333,0.12484211086558084,0.36792721069092976,0.2544782485072505,0.25504691498436166,0.12254762581745807,64
2.3333333333333335,1.0063551068050072,0.7153015549248063,0.6727016002466837,0.9567012981008344,0.12503261653700565,0.12503261653700565,0.12341232227488151,0.3605301505267869,0.25500417076819537,0.25943306216801,0.12503261653700565,0.3700473933649289,0.25364928909952605,0.2528909952606635,0.12341232227488151,65
2.5,1.0099459330118523,0.7154727707850397,0.6750660432200211,0.9444442269868126,0.11620970288814478,0.11620970288814478,0.11316462894512369,0.3853708861361815,0.2637722219069171,0.2346471890687552,0.11620970288814478,0.3938963131456734,0.26490380058762203,0.2280352573215809,0.11316462894512369,66
2.5,1.0096955798970542,0.7108980900967576,0.6698773997203827,0.9433486688962158,0.11473164676447757,0.11473164676447757,0.1107846853677028,0.38595472753960625,0.26527280207822307,0.23404082361769118,0.11473164676447757,0.395470053070508,0.26582638362395755,0.2279188779378317,0.1107846853677028,67
2.5,1.0097562207971476,0.7099472766527256,0.6689789127963133,0.942101338505729,0.11261975302811807,0.11261975302811807,0.10976303317535545,0.38582716896328767,0.2673459501200464,0.2342071278885472,0.11261975302811807,0.39535545023696683,0.26654028436018956,0.22834123222748814,0.10976303317535545,68
2.5,1.0110741003776473,0.7155133565859515,0.6757790969207415,0.940674161355476,0.11219145819985696,0.11219145819985696,0.10872037914691943,0.38892343012854313,0.2679668246743933,0.2309182869972046,0.11219145819985696,0.3991469194312796,0.2672037914691943,0.22492890995260664,0.10872037914691943,69
2.3333333333333335,1.002600851726903,0.7105093278052752,0.6669935680169984,0.9570986332721778,0.12379695967481583,0.12379695967481583,0.12141029286323571,0.3559370267235832,0.2562036306249712,0.26406238297662754,0.12379695967481583,0.3646099895744479,0.25476258174580607,0.2592171358165103,0.12141029286323571,70
2.3636363636363638,1.0032180946138245,0.7123777999324683,0.6693868133902003,0.9559933903386532,0.12508124913960483,0.12508124913960483,0.12246445497630332,0.3635274226327483,0.2549771628160621,0.25641416541158224,0.12508124913960483,0.37317535545023695,0.2537440758293839,0.25061611374407583,0.12246445497630332,71
2.5,1.01648947331608,0.7136136862909206,0.6735335753033345,0.9407343152205758,0.11299618122559346,0.11299618122559346,0.10907884761182714,0.39009993589380265,0.2671292252131109,0.2297746576674921,0.11299618122559346,0.39963987869598183,0.26696360879454134,0.22431766489764973,0.10907884761182714,72
2.5,0.9639398686313776,0.7117775820506671,0.6688503112898329,0.955032116362062,0.12642295324615296,0.12642295324615296,0.12273718130982846,0.356299002065054,0.29354067900270325,0.22373736568608923,0.12642295324615296,0.36565254478248504,0.29324234669699556,0.21836792721069093,0.12273718130982846,73
2.3333333333333335,1.0092225569712725,0.7109551322181051,0.6675867037814684,0.9567095600257128,0.12638463681637335,0.12638463681637335,0.12470387567516346,0.36330931975765995,0.2535629696657666,0.2567430737601997,0.12638463681637335,0.37088979437126884,0.25338766227613,0.2510186676774377,0.12470387567516346,74
2.3333333333333335,0.9992088107098888,0.7124287338477935,0.6693039236176336,0.9568026584853666,0.12658862344477328,0.12658862344477328,0.12366151805173885,0.3633486050387129,0.2534306930695421,0.25663207844697006,0.12658862344477328,0.37335354875390886,0.25168198616507154,0.2513029470292808,0.12366151805173885,75
2.3333333333333335,1.0049958593264323,0.7099093331343075,0.6663148944577224,0.956944485634956,0.12723783193783078,0.12723783193783078,0.12492890995260664,0.36407197145999315,0.2529291749328997,0.2557610216692757,0.12723783193783078,0.3733649289099526,0.2519431279620853,0.24976303317535545,0.12492890995260664,76
2.3636363636363638,1.0064092751631926,0.7111960805893193,0.6680279457170686,0.9558155115320736,0.124248860195388,0.124248860195388,0.12130401819560273,0.3625119791637396,0.2557128231844452,0.25752633745642367,0.124248860195388,0.371683093252464,0.25492797573919634,0.2520849128127369,0.12130401819560273,77
2.3333333333333335,1.004414868487494,0.7086751901603487,0.6647015633573733,0.9578590753772097,0.12800737197368797,0.12800737197368797,0.12587677725118485,0.36191114357516363,0.25195420903892723,0.2581272754122211,0.12800737197368797,0.3724170616113744,0.25099526066350714,0.25071090047393363,0.12587677725118485,78
2.3333333333333335,1.0158338503913547,0.7143147210519816,0.6716483847133914,0.9560906269706597,0.1259263793728829,0.1259263793728829,0.12330584778693962,0.3648369313038699,0.25411714411131586,0.25511954521192814,0.1259263793728829,0.37475120841626386,0.2521088048526206,0.24983413894417592,0.12330584778693962,79
2.5,1.016513886915233,0.7116088018389524,0.6709321092640652,0.9421100597633137,0.11190320773007009,0.11190320773007009,0.10927874135153066,0.3845330013727575,0.26810474813029994,0.23545904276687057,0.11190320773007009,0.3936119799071178,0.26878968818121507,0.22831959056013648,0.10927874135153066,80
2.3076923076923075,1.013960216361395,0.7077040488511789,0.6637780938111244,0.9566177940781545,0.12403855258118704,0.12403855258118704,0.12075829383886257,0.358677032127297,0.25600634526120497,0.2612780700303097,0.12403855258118704,0.3690995260663507,0.2557345971563981,0.2544075829383886,0.12075829383886257,81
2.5,1.0037125688823811,0.7135241840749282,0.6733370728714798,0.9412511475611364,0.1133182483955455,0.1133182483955455,0.11010043585370476,0.38930705327111254,0.26665214675337906,0.23072255157996188,0.1133182483955455,0.39984839871138905,0.26606026151222284,0.22399090392268334,0.11010043585370476,82
2.5,1.0075712481131094,0.7119966792153573,0.6709612319176728,0.9445308805689026,0.11701398019127357,0.11701398019127357,0.11316462894512369,0.3864421155891944,0.26296564948437945,0.23357825473515118,0.11701398019127357,0.39645531229267367,0.2627239124253625,0.22765614633684012,0.11316462894512369,83
2.5,1.0075707767106374,0.7117372166067191,0.6712343934545706,0.941253214468894,0.10940732104099847,0.10940732104099847,0.10606635071090047,0.38240684653358487,0.27056103728988423,0.23762479513553078,0.10940732104099847,0.39213270142180096,0.2700473933649289,0.23175355450236967,0.10606635071090047,84
2.3076923076923075,1.017069777996711,0.7112549652822692,0.6678967254895027,0.9569516574412791,0.12654958858690066,0.12654958858690066,0.12453795848734717,0.3626768564597089,0.25357811390597906,0.2571954410474099,0.12654958858690066,0.37105487631504125,0.252772249075917,0.25163491612169464,0.12453795848734717,85
2.5,0.9463239009048603,0.709795811681775,0.6670326259976607,0.9521205305584233,0.12529017317978142,0.12529017317978142,0.12199052132701421,0.36257968378008104,0.2947010822142723,0.21742906082586358,0.12529017317978142,0.3718483412322275,0.29497630331753555,0.21118483412322275,0.12199052132701421,86
2.5,1.0184259726439673,0.7097057402444714,0.6684020610060011,0.943759922595804,0.11408275778547164,0.11408275778547164,0.11087945413191812,0.3836908819379668,0.2659067795396172,0.23631958073694145,0.11408275778547164,0.3932903714935557,0.26525777103866566,0.2305724033358605,0.11087945413191812,87
2.4545454545454546,1.005887759497234,0.7083753492894014,0.6674498090855454,0.9402867437779182,0.11433642066749782,0.11433642066749782,0.11088996303667899,0.3933616147038176,0.26578283649249296,0.2265191281361917,0.11433642066749782,0.40375319874893373,0.26528291157236283,0.22007392664202446,0.11088996303667899,88
2.3333333333333335,1.0129360105085379,0.7139107549635283,0.6706788271009785,0.9588916795179777,0.13043374028128799,0.13043374028128799,0.12728651312671785,0.36245717214769146,0.24980650845995253,0.2573025791110662,0.13043374028128799,0.3720974315230784,0.24850725049758315,0.2521088048526206,0.12728651312671785,89
2.3333333333333335,1.0148393243817706,0.7157634164699165,0.6727898827231379,0.9592801077016614,0.13056309114387132,0.13056309114387132,0.12754666919359423,0.3610876404777688,0.24944234781539806,0.25890692056295994,0.13056309114387132,0.37041599545153037,0.24789159480716383,0.25414574054771155,0.12754666919359423,90
2.5,1.0107883697699533,0.7149149305602339,0.6744372880767687,0.9442882379665368,0.11517706793699335,0.11517706793699335,0.1122797043774872,0.3840686076351434,0.26483487342358053,0.23591945100428058,0.11517706793699335,0.3940685995830965,0.2645442486261133,0.22910744741330302,0.1122797043774872,91
2.5,0.9638230543787196,0.712296198339516,0.6693077585120611,0.9558973573617602,0.1285933653154964,0.1285933653154964,0.12481046247156936,0.35756593969012934,0.29139592319862134,0.22244477179575103,0.1285933653154964,0.3672289613343442,0.2920773313115997,0.21588324488248672,0.12481046247156936,92
2.5,0.9609182240972793,0.7073018123331569,0.6637462816107034,0.9541164864270602,0.12635161201832473,0.12635161201832473,0.12271392021226192,0.35875305778127053,0.2937721944149884,0.22112313578541543,0.12635161201832473,0.3681417606367858,0.29366057045389937,0.21548374869705297,0.12271392021226192,93
2.3333333333333335,1.0047984813057822,0.7105823923651344,0.6667880287332797,0.9587504529456452,0.1305649134351101,0.1305649134351101,0.12813951284238462,0.36325332625880474,0.24945955186607063,0.25672220844001303,0.1305649134351101,0.37247654250781914,0.24869680598995356,0.25068713865984266,0.12813951284238462,94
2.5,1.010832527163753,0.7157107487361111,0.6752151044573866,0.9451860663155497,0.1176884430413905,0.1176884430413905,0.11459715639810426,0.3856951738003821,0.2623724644537467,0.2342439187044785,0.1176884430413905,0.395260663507109,0.2623696682464455,0.22777251184834124,0.11459715639810426,95
2.3333333333333335,1.0022856107589182,0.7114916015627073,0.6679481134098462,0.9582380344289211,0.12834039493278146,0.12834039493278146,0.12585291887793784,0.3610155398260031,0.251638038356938,0.2590060268842757,0.12834039493278146,0.37026156178923425,0.2500947687642153,0.2537907505686126,0.12585291887793784,96
2.5,1.0021572482368513,0.7139725899550291,0.6735165360072517,0.9432235623257681,0.11094974203432337,0.11094974203432337,0.10728840868164155,0.37944656289320833,0.26927113077777626,0.24033256429469146,0.11094974203432337,0.3900104255520804,0.26803146621173346,0.2346696995545446,0.10728840868164155,97
2.5,0.9613545353174188,0.7140304611642485,0.6717255511600801,0.9537582845212035,0.1251414225558236,0.1251414225558236,0.12141029286323571,0.3577121278488273,0.2948656251033745,0.22228082449197425,0.1251414225558236,0.36849587716804094,0.2940005686664771,0.21609326130224624,0.12141029286323571,98
2.3636363636363638,0.9971243142457603,0.7155801051545132,0.6731807962133738,0.9558428558209702,0.12463938035097216,0.12463938035097216,0.12130401819560273,0.36322167822054435,0.2555941623745279,0.2565447790539538,0.12463938035097216,0.37282031842304775,0.2554018195602729,0.25047384382107657,0.12130401819560273,99
2.3333333333333335,1.0075931408504586,0.7119940650095851,0.6687912770361246,0.9568098635258612,0.1264893560685811,0.1264893560685811,0.12283195905601364,0.3631212126571434,0.25353426371083937,0.25685516756343435,0.1264893560685811,0.37313998673111554,0.2517296938678798,0.252298360344991,0.12283195905601364,100
2.375,1.0004001707283763,0.7173861485585912,0.6752138427785952,0.9563625479785689,0.12631296672896397,0.12631296672896397,0.12359018102549521,0.364537508107422,0.25367462965935744,0.25547489550425595,0.12631296672896397,0.3734243199696711,0.25353047104539855,0.24945502795943514,0.12359018102549521,101
2.3333333333333335,1.007548775622505,0.7099849032165064,0.6659163105585718,0.9597069282781358,0.13024330552984487,0.13024330552984487,0.12654028436018958,0.3586442553327527,0.2499026980377158,0.2612097410996849,0.13024330552984487,0.3691943127962085,0.24881516587677724,0.2554502369668246,0.12654028436018958,102
2.3333333333333335,1.0064456721915285,0.7128646645304564,0.669271496737617,0.9598926153565466,0.1306326373229571,0.1306326373229571,0.12843601895734597,0.35862565574909183,0.2494849240765649,0.26125678285138487,0.1306326373229571,0.3680568720379147,0.24824644549763034,0.255260663507109,0.12843601895734597,103
2.3333333333333335,1.0038172556471416,0.7110963608348195,0.6678018058266528,0.956432172547765,0.12613957639986895,0.12613957639986895,0.12369668246445498,0.36392546243557083,0.25400249908421224,0.25593246208034676,0.12613957639986895,0.37213270142180094,0.25298578199052135,0.25118483412322273,0.12369668246445498,104
2.5,1.0080884299211241,0.7091749423845015,0.6684127790341278,0.9401605347032866,0.11197658552077988,0.11197658552077988,0.10919431279620853,0.3899302311933,0.26815766013286857,0.22993552315305,0.11197658552077988,0.4009478672985782,0.26739336492890997,0.22246445497630332,0.10919431279620853,105
2.3333333333333335,1.0225228991548165,0.714853648694081,0.6719999960970311,0.9576910134106967,0.1285950641553465,0.1285950641553465,0.12625592417061612,0.36374215815548155,0.2514188566160043,0.2562439210731678,0.1285950641553465,0.3728909952606635,0.2512796208530806,0.24957345971563982,0.12625592417061612,106
2.3333333333333335,1.0263035095338309,0.7129145110237309,0.6696016482716737,0.9583540666187221,0.12998942341734734,0.12998942341734734,0.12709695763434745,0.3637505531994967,0.24997129602914303,0.2562887273540104,0.12998942341734734,0.3730452089849303,0.24860202824376837,0.25125580513695384,0.12709695763434745,107
2.3333333333333335,1.0105780070581318,0.7113532288661839,0.6675532531014268,0.9595530915331415,0.1279783012721352,0.1279783012721352,0.1256872037914692,0.35437590423105403,0.252165720580456,0.2654800739163511,0.1279783012721352,0.36360189573459717,0.24957345971563982,0.2611374407582938,0.1256872037914692,108
2.3333333333333335,1.001963717021255,0.7155863093059456,0.672842182864922,0.9578030258050787,0.127506233235058,0.127506233235058,0.12464454976303317,0.3611352516125342,0.25257319105700754,0.25878532409539734,0.127506233235058,0.370521327014218,0.2513744075829384,0.2534597156398104,0.12464454976303317,109
2.3333333333333335,1.020517929389437,0.7099782815921076,0.6660730816442743,0.9587744146298308,0.12904501662807133,0.12904501662807133,0.12670583775587566,0.36019146211166486,0.25095277322281206,0.2598107480374496,0.12904501662807133,0.36950341167551176,0.25,0.2537907505686126,0.12670583775587566,110
2.5,0.9570964511228363,0.7136499267240975,0.6708832388120514,0.9559944915590262,0.12925431983780578,0.12925431983780578,0.12491706947208796,0.35832571331759294,0.29088529429064214,0.22153467255395537,0.12925431983780578,0.3699175433608189,0.2904937920576249,0.2146715951094683,0.12491706947208796,111
2.3333333333333335,1.0042379855622987,0.7127200340530357,0.6693994443358333,0.9582033757838494,0.12837572193959168,0.12837572193959168,0.12594768764215314,0.36123570957623335,0.25165448165351006,0.25873408683066423,0.12837572193959168,0.37092494313874147,0.25018953752843065,0.25293783169067474,0.12594768764215314,112
2.5,1.002219369106689,0.7123516648654149,0.6718946635197971,0.9416080058239157,0.10979088109990373,0.10979088109990373,0.10710900473933649,0.38208971091206667,0.2702171101403231,0.2379022978477048,0.10979088109990373,0.3923222748815166,0.26976303317535544,0.23080568720379147,0.10710900473933649,113
2.3333333333333335,1.0178513407284477,0.7144810901844318,0.6716166680379247,0.9573794823479727,0.12755044534201745,0.12755044534201745,0.12444318074116198,0.3629603814929875,0.25264235817813935,0.25684681498685336,0.12755044534201745,0.37276087574637473,0.25125580513695384,0.2515401383755094,0.12444318074116198,114
2.3333333333333335,0.9604963401957761,0.7121994559999927,0.6671158411676124,0.9676732733834809,0.14057207438848004,0.14057207438848004,0.1370616113744076,0.3396899748590532,0.2795061367045102,0.24023181404795513,0.14057207438848004,0.348436018957346,0.27829383886255926,0.2362085308056872,0.1370616113744076,115
2.5,0.9608781800835896,0.7142786125533689,0.6715871371486988,0.9561969731798334,0.12657456765387212,0.12657456765387212,0.12234647460197119,0.35300539164473177,0.293411936952802,0.22700810374859265,0.12657456765387212,0.3627748294162244,0.2926459438968916,0.2222327520849128,0.12234647460197119,116
2.3333333333333335,1.0104137015305872,0.7137339284594086,0.6707904252351371,0.957080446730281,0.12495278801924889,0.12495278801924889,0.1223696682464455,0.3587264520814659,0.25507408669786974,0.2612466732014137,0.12495278801924889,0.3676777251184834,0.25412322274881516,0.2558293838862559,0.1223696682464455,117
2.3333333333333335,1.0126582134031408,0.7135548237322893,0.6702026354748716,0.959217223857657,0.1310969001831622,0.1310969001831622,0.1280447350961994,0.36236482312661933,0.2488848527753275,0.25765342391489005,0.1310969001831622,0.37133920955359684,0.247938584020472,0.2526774713297318,0.1280447350961994,118
2.3636363636363638,1.0184171763823853,0.7145955836192557,0.6720243996465725,0.955832292797794,0.12592626471807172,0.12592626471807172,0.12348369977255497,0.36582865286485666,0.2540646136742322,0.25418046874283706,0.12592626471807172,0.37594768764215314,0.2531273692191054,0.2474412433661865,0.12348369977255497,119
2.3636363636363638,1.0164729253104892,0.7136244351156202,0.6710178294480709,0.9550618672317334,0.12267049809195382,0.12267049809195382,0.11933649289099527,0.3621920066966749,0.2575832851085558,0.25755421010281404,0.12267049809195382,0.37317535545023695,0.25725118483412324,0.2502369668246445,0.11933649289099527,120
2.3076923076923075,1.017292220461007,0.7142614277015692,0.6713879161798477,0.9572113263246579,0.12724424976559426,0.12724424976559426,0.12395754359363154,0.3630190405178691,0.25275936818506856,0.256977341531466,0.12724424976559426,0.3730098559514784,0.25217968157695225,0.2508529188779378,0.12395754359363154,121
2.3333333333333335,1.0075821974821988,0.7159047949578269,0.6729711679628538,0.9591953479293412,0.12884583599843352,0.12884583599843352,0.12587677725118485,0.3579414224478759,0.2511040770278629,0.262108664525828,0.12884583599843352,0.3667298578199052,0.2509004739336493,0.2564928909952607,0.12587677725118485,122
2.3333333333333335,1.0068688934390118,0.7122427515255001,0.6691854109554005,0.9562343480893972,0.12257471619248923,0.12257471619248923,0.12046251540138375,0.3569283434304648,0.2573802752547959,0.26311666512224835,0.12257471619248923,0.36697943322907783,0.2551416927305469,0.25741635863899154,0.12046251540138375,123
2.3333333333333335,1.006860564609924,0.7102711813309132,0.6666431737590776,0.957496557571315,0.1281782460800688,0.1281782460800688,0.1258648469339399,0.36371408449095705,0.2518979948695618,0.2562096745594083,0.1281782460800688,0.37266609800018957,0.25125580513695384,0.2502132499289167,0.1258648469339399,124
2.3333333333333335,1.0218140934423785,0.7167402428994825,0.6739916750576372,0.9589821273366063,0.13024085319744524,0.13024085319744524,0.1277604018576438,0.361699886459452,0.24979546500135036,0.25826379534175053,0.13024085319744524,0.3708653208226708,0.24907591697469433,0.252298360344991,0.1277604018576438,125
2.3333333333333335,1.0109245718747566,0.7123480519425501,0.6689977710380665,0.9579996437346244,0.1313653994937915,0.1313653994937915,0.12861340157331058,0.3675567945129764,0.24866306609549213,0.2524147398977378,0.1313653994937915,0.3774049853094493,0.24850725049758315,0.2454743626196569,0.12861340157331058,126
2.5,0.9927529749703629,0.7102158475300898,0.6694082361186847,0.9414589788613857,0.11083737138354659,0.11083737138354659,0.10738318642782675,0.38444893573732,0.26921043018931035,0.2355032626898215,0.11083737138354659,0.39427542413041416,0.26935835465832625,0.22898303478343285,0.10738318642782675,127
2.5,0.9536237244474908,0.7161293462361435,0.6740233761689407,0.954729843283627,0.12647575506891018,0.12647575506891018,0.12273718130982846,0.3572767390179671,0.2935063127640869,0.22274119314903554,0.12647575506891018,0.3672637664676334,0.2936214576817363,0.21637759454080183,0.12273718130982846,128
2.3333333333333335,1.004343195266272,0.7123463154460505,0.6692612104456803,0.9564952437814814,0.126172227498546,0.126172227498546,0.12291508718726307,0.36374059374994633,0.253925707936945,0.2561614708145619,0.126172227498546,0.3732941622441243,0.2528430629264594,0.25094768764215314,0.12291508718726307,129
2.3333333333333335,1.0057659100448195,0.7146744297587979,0.6712667180347005,0.9606514628620169,0.13258537907410997,0.13258537907410997,0.12966824644549763,0.3592753455750121,0.24789035761228778,0.26024891773858844,0.13258537907410997,0.3685308056872038,0.24672985781990522,0.25507109004739337,0.12966824644549763,130
2.5,0.9956507131904248,0.7138857529940456,0.6732045842334646,0.9444123759706708,0.1177694382551986,0.1177694382551986,0.11392285091460524,0.3879591270375132,0.26221679674461273,0.23205463796267436,0.1177694382551986,0.3983508672163776,0.26177613496351054,0.22595014690550658,0.11392285091460524,131
2.3333333333333335,1.010656046704952,0.712586747026832,0.6694367313813091,0.9571035023514618,0.12286000542493339,0.12286000542493339,0.12018957345971563,0.3535549968822949,0.2571685683733727,0.26641642931939696,0.12286000542493339,0.3635071090047393,0.2553554502369668,0.2609478672985782,0.12018957345971563,132
2.5,0.9550475386629284,0.7152366803543196,0.6727951381829567,0.9557387526587104,0.12672052867129482,0.12672052867129482,0.12302151454838404,0.3546984932201424,0.2932657502394108,0.22531522786915006,0.12672052867129482,0.3652734337977443,0.29343190218936593,0.21827314946450574,0.12302151454838404,133
2.3333333333333335,1.0112697157728974,0.7119036287230306,0.6686711407031004,0.9568877275026348,0.12935770795169818,0.12935770795169818,0.12690740214197707,0.3681827188436457,0.2506141974081138,0.25184537579654115,0.12935770795169818,0.3779736517865605,0.24888636148232396,0.24623258458913846,0.12690740214197707,134
2.5,1.0181211315946337,0.7155002708147582,0.6750728414738374,0.944589037079976,0.11720948151556226,0.11720948151556226,0.11354373992986447,0.3865797365061278,0.2628383696648674,0.2333724123134416,0.11720948151556226,0.3978769784854516,0.26225002369443656,0.22632925789024738,0.11354373992986447,135
2.5,1.0008670657491938,0.7135841646738826,0.6727626047512651,0.9449063375687152,0.11584452233209398,0.11584452233209398,0.11222748815165877,0.38340486563879755,0.26433023131397715,0.23642038071512905,0.11584452233209398,0.39317535545023696,0.26492890995260665,0.22966824644549763,0.11222748815165877,136
2.3333333333333335,1.0225549820716746,0.7153638997309452,0.6721796397101669,0.9600747065153554,0.13051948753119869,0.13051948753119869,0.12758293838862558,0.3575632007441366,0.24945659590053534,0.2624607158241274,0.13051948753119869,0.3665402843601896,0.24938388625592417,0.2564928909952607,0.12758293838862558,137
2.3076923076923075,1.0104166666666667,0.7114643558344926,0.6680803883997153,0.9573068379648977,0.12830025810390644,0.12830025810390644,0.12491706947208796,0.3646895343910838,0.2517458353790386,0.2552643721259695,0.12830025810390644,0.37446687517770827,0.2511610273907686,0.24945502795943514,0.12491706947208796,138
2.3636363636363638,1.0109388855363517,0.711112932165735,0.6676603528982179,0.9573442146816655,0.13097172493263973,0.13097172493263973,0.1280447350961994,0.36927683961790253,0.249024867888934,0.25072656756052186,0.13097172493263973,0.3786370960098569,0.24831769500521278,0.24500047388873092,0.1280447350961994,139
2.5,0.9589798736257341,0.7101557679985417,0.6671896994250403,0.9536301565817165,0.12360426724641706,0.12360426724641706,0.12065207089375414,0.3552171333563188,0.2964428854910388,0.2247357139062225,0.12360426724641706,0.3652734337977443,0.29542223485925506,0.21865226044924652,0.12065207089375414,140
2.5,1.015067358951663,0.7137059801976692,0.6734711760491618,0.9417032037058778,0.11026621454785769,0.11026621454785769,0.10777251184834123,0.38271368066331674,0.26972404895066815,0.23729605583815502,0.11026621454785769,0.39308056872037916,0.26862559241706163,0.230521327014218,0.10777251184834123,141
2.3333333333333335,1.0051355179015362,0.712775460066538,0.6691979625505016,0.9597146126574114,0.13094136626333736,0.13094136626333736,0.12793783169067474,0.3600002322817792,0.2490755520815384,0.2599828493733433,0.13094136626333736,0.3686504927975739,0.2488627748294162,0.2545489006823351,0.12793783169067474,142
2.3333333333333335,1.015545271152249,0.713167072212775,0.6703225172910173,0.9559528834360684,0.12177404023248545,0.12177404023248545,0.11971563981042654,0.35625556414203624,0.25837264625877243,0.2635977493667044,0.12177404023248545,0.3665402843601896,0.256303317535545,0.2574407582938389,0.11971563981042654,143
2.3333333333333335,0.9978178932751437,0.7113577715176318,0.667295674149745,0.9610429899356572,0.13494713602387437,0.13494713602387437,0.13220242608036392,0.36195234401289067,0.24520407801236288,0.25789644195087263,0.13494713602387437,0.37196739954510993,0.24440864291129644,0.2514215314632297,0.13220242608036392,144
2.3076923076923075,1.0156515900563978,0.710574625258588,0.6671243450222722,0.9567928799310449,0.1250560019064722,0.1250560019064722,0.12218009478672985,0.3601915439122793,0.2549407271730911,0.2598117270081543,0.1250560019064722,0.3707109004739336,0.25308056872037915,0.25402843601895736,0.12218009478672985,145
2.3333333333333335,1.0069465167957687,0.713383246245153,0.6702569755133576,0.9577654470586604,0.1281237805239245,0.1281237805239245,0.1255686125852919,0.3625267051941852,0.25187123580953896,0.25747827847234944,0.1281237805239245,0.37149355572403336,0.25161106899166036,0.2513267626990144,0.1255686125852919,146
2.3333333333333335,1.0091266098233693,0.708559558639275,0.6648227460121404,0.9564014968597047,0.12522097648397806,0.12522097648397806,0.1228436018957346,0.36217225714361173,0.2547880481633827,0.25781871820902535,0.12522097648397806,0.37109004739336493,0.2537440758293839,0.2523222748815166,0.1228436018957346,147
2.3333333333333335,1.0225555534275321,0.7119110590053653,0.6686028514793514,0.9573242349861116,0.12714587221159304,0.12714587221159304,0.12520140271064353,0.36236479493461277,0.2528313071712657,0.25765802568252544,0.12714587221159304,0.3711496540612264,0.25106624964458346,0.25258269358354657,0.12520140271064353,148
2.5,1.0171128310593764,0.7135989875408885,0.6726384886649881,0.9457084811709902,0.11686293097804291,0.11686293097804291,0.11306985119893849,0.3828327673326392,0.26328502595774295,0.23701927573157433,0.11686293097804291,0.3934224244147474,0.2631978011562885,0.23030992323002558,0.11306985119893849,149
2.5,0.999481630471103,0.7110775645805996,0.6702460592008292,0.9424560950659655,0.11501313839898733,0.11501313839898733,0.11164818500616056,0.38883918992978006,0.26500106118907324,0.2311466104821575,0.11501313839898733,0.39948820017059994,0.26424035636432563,0.22462325845891384,0.11164818500616056,150
2.3333333333333335,1.0036881482375986,0.7144043696279667,0.6717994556609349,0.9558322154411473,0.12475551166760328,0.12475551166760328,0.12233488107647114,0.36350188770455305,0.25536966427866536,0.25637293634917624,0.12475551166760328,0.3725954704823273,0.2543352601156069,0.25073438832559464,0.12233488107647114,151
2.3333333333333335,1.006860564609924,0.7107432592232286,0.6672719306698927,0.9570807876921317,0.12723215591127254,0.12723215591127254,0.12462092494313874,0.3635195584176916,0.2528473328352657,0.25640095283576897,0.12723215591127254,0.37282031842304775,0.2513267626990144,0.2512319939347991,0.12462092494313874,152
2.5,1.0004609655278762,0.7124058715460704,0.6711085852991503,0.946423826945284,0.11724621896200395,0.11724621896200395,0.11402843601895735,0.38142886011552385,0.2627485178477153,0.23857640307475614,0.11724621896200395,0.39213270142180096,0.26132701421800947,0.23251184834123223,0.11402843601895735,153
2.3333333333333335,1.0094965424212097,0.7119320231215289,0.6682099013278646,0.959690713285627,0.1320913568624035,0.1320913568624035,0.1295489006823351,0.36228953355400845,0.24786450762863463,0.25775460195495076,0.1320913568624035,0.3713040181956027,0.24658832448824866,0.2525587566338135,0.1295489006823351,154
2.5,1.009226356552568,0.7149537978249798,0.6740069976267377,0.9469856656150193,0.11990919045009361,0.11990919045009361,0.11740737231119112,0.384208552167046,0.260041504301667,0.2358407530811917,0.11990919045009361,0.3929688240310812,0.26077892542405,0.22884487823367763,0.11740737231119112,155
2.312030084484704,1.0152768490146868,0.712318069907173,0.6693425171524658,0.9558462021838467,0.12607231881019135,0.12607231881019135,0.12350710900473934,0.3660563889253895,0.2539857893676023,0.2538855028968144,0.12607231881019135,0.3753554502369668,0.25270142180094785,0.24843601895734596,0.12350710900473934,156
2.3333333333333335,1.002431835578438,0.7094703286572568,0.6652868324024411,0.9598434741012124,0.12934120216829711,0.12934120216829711,0.12757084636527344,0.3560805079724589,0.25062715101613514,0.26395113884310767,0.12934120216829711,0.3648943228130035,0.24926547246706474,0.2582693583546583,0.12757084636527344,157
2.3333333333333335,1.0043066012131778,0.7146736388131978,0.6717530430419272,0.9578903481837315,0.12369998095280267,0.12369998095280267,0.12103118187849493,0.3518380056311188,0.25629283415532733,0.2681691792607484,0.12369998095280267,0.3611979907117809,0.2551416927305469,0.2626291346791773,0.12103118187849493,158
2.5,1.0181032388990172,0.7135832818974888,0.6726400513892374,0.9455949214442464,0.1153229810239157,0.1153229810239157,0.11221685148327173,0.3805211081836385,0.2646463917736639,0.23950951901877912,0.1153229810239157,0.3906738697753767,0.26433513411051085,0.23277414463084067,0.11221685148327173,159
2.3333333333333335,1.0114513930173585,0.7116877306749715,0.6684000220596378,0.9569847461618626,0.12994765331992675,0.12994765331992675,0.12813951284238462,0.3688468174739176,0.2500373461827498,0.2511681830234041,0.12994765331992675,0.37749976305563454,0.24926547246706474,0.24509525163491613,0.12813951284238462,160
2.3333333333333335,1.0039377415731046,0.7128748950607662,0.6695443650819188,0.9584145649409017,0.128944815679717,0.128944815679717,0.12651630022744503,0.3614976289413967,0.25105985526924773,0.2584977001096376,0.128944815679717,0.3718726307808946,0.25,0.25161106899166036,0.12651630022744503,161
2.3636363636363638,1.018101043552957,0.7197114564403919,0.6778863885845713,0.9567201742900425,0.12797637795933203,0.12797637795933203,0.12462092494313874,0.3663319537811387,0.25216607785408235,0.2535255904054451,0.12797637795933203,0.37594768764215314,0.2512319939347991,0.24819939347990902,0.12462092494313874,162
2.3333333333333335,1.0106614046998166,0.7117565072070224,0.6682865538678753,0.9580862427955236,0.12737785405444493,0.12737785405444493,0.1255805136953843,0.35967183893961946,0.25269758047491664,0.2602527265310173,0.12737785405444493,0.36821154392948535,0.25163491612169464,0.2545730262534357,0.1255805136953843,163
2.5,1.0225120692693088,0.7164709557814628,0.6764808374976395,0.943081626056461,0.1163952154759818,0.1163952154759818,0.1126693831138065,0.38937376393433193,0.2635855034172718,0.2306455171724133,0.1163952154759818,0.3993177295555766,0.262958400454847,0.22505448687576993,0.1126693831138065,164
2.3333333333333335,1.0149047240334457,0.7121043736995714,0.6689676891623668,0.9565455860770641,0.12445224378184991,0.12445224378184991,0.12197895934034689,0.3599235380967144,0.25566577568410437,0.25995844243732946,0.12445224378184991,0.3686854326604113,0.2548573594919913,0.2544782485072505,0.12197895934034689,165
2.3636363636363638,1.0172500925964034,0.7147327231606053,0.6721527042232746,0.9560194971388125,0.12557181476680282,0.12557181476680282,0.12226329257890248,0.36441390988107203,0.25456350413606,0.25545077121606424,0.12557181476680282,0.3745616529238935,0.25409913752250973,0.24907591697469433,0.12226329257890248,166
2.3333333333333335,1.0092185022157014,0.7091730938077623,0.6654210261083453,0.9571014774377918,0.12900351180582265,0.12900351180582265,0.1257700691877547,0.36676875308439966,0.2510848778556709,0.2531428572541067,0.12900351180582265,0.3760780968628566,0.25068713865984266,0.247464695289546,0.1257700691877547,167
2.3333333333333335,1.009754602463958,0.71395657679519,0.6710545337585381,0.9570681540028841,0.12530227265118463,0.12530227265118463,0.12265402843601896,0.3595591413625962,0.25475297987141865,0.2603856061147985,0.12530227265118463,0.36890995260663506,0.25402843601895736,0.2544075829383886,0.12265402843601896,168
2.5,1.0109384917795754,0.7102819578244014,0.6690437190840426,0.9439653106864352,0.11237929047556743,0.11237929047556743,0.10900473933649289,0.3799936811791574,0.2676171247103173,0.2400099036349569,0.11237929047556743,0.39175355450236965,0.26644549763033176,0.23279620853080568,0.10900473933649289,169
2.5,0.9998831583159943,0.7117498949971154,0.6710098117298764,0.9426103668448036,0.11240343962172082,0.11240343962172082,0.10900473933649289,0.38399741425867484,0.267633429715359,0.23596571640424416,0.11240343962172082,0.39317535545023696,0.26862559241706163,0.22919431279620853,0.10900473933649289,170
2.5,1.015517878302253,0.7110190068584961,0.6699775903363125,0.9435870338175363,0.11292357269167531,0.11292357269167531,0.11013174106719742,0.38212209343562126,0.2670851800632316,0.23786915380947105,0.11292357269167531,0.3925694246990807,0.2657568003032888,0.23154203393043313,0.11013174106719742,171
2.5,1.0056998479237194,0.7119071199745701,0.6713841784797465,0.941537121778571,0.11190527869433932,0.11190527869433932,0.10832069749810462,0.38613130908714854,0.26812723359656376,0.233836178621948,0.11190527869433932,0.3949962092494314,0.2696171341925701,0.22706595905989385,0.10832069749810462,172
2.5,0.9604525736858944,0.7149161445003271,0.6719706604447602,0.9582738874818738,0.1314983514936147,0.1314983514936147,0.12739336492890996,0.35550097467378355,0.28848806451722636,0.22451260931537412,0.1314983514936147,0.36682464454976305,0.2871090047393365,0.21867298578199051,0.12739336492890996,173
2.5,1.0097908491840808,0.7132034776437328,0.6728911060033258,0.9416402502727066,0.11273947941829446,0.11273947941829446,0.1101213040181956,0.3872743348901071,0.2673203101163699,0.23266587557522628,0.11273947941829446,0.3976497346474602,0.2667740712661107,0.22545489006823352,0.1101213040181956,174
2.3636363636363638,1.0194616155740426,0.7125092111207261,0.6694261577009066,0.9566465138330367,0.12903753972798845,0.12903753972798845,0.12537907505686127,0.3685034125219712,0.2509694364270995,0.2514896113229402,0.12903753972798845,0.37774829416224415,0.25,0.2468726307808946,0.12537907505686127,175
2.4285714285714284,1.0261720114587167,0.7120372049968429,0.6717046390294872,0.940588412145192,0.11230013240388069,0.11230013240388069,0.10918396360534546,0.38936732687546016,0.26773349716832684,0.2305990435523313,0.11230013240388069,0.40015164439389633,0.26651502227277035,0.22414936972798788,0.10918396360534546,176
2.5,1.018587012928361,0.7113430355486808,0.6707968713383523,0.9411046327405431,0.1121298540409857,0.1121298540409857,0.10937351909771585,0.3877092805127373,0.2678709397362422,0.23228992571003199,0.1121298540409857,0.39711875651597006,0.2673680219884371,0.22613970239787698,0.10937351909771585,177
2.3333333333333335,1.0125866561777856,0.7103605239125026,0.6666569450278119,0.958014137592416,0.12837640042574694,0.12837640042574694,0.1256633813495072,0.3620206011038707,0.2517022987294347,0.257900699740946,0.12837640042574694,0.3713040181956027,0.25075815011372254,0.2522744503411676,0.1256633813495072,178
2.3333333333333335,1.019778506277313,0.7144743397905254,0.671668474307863,0.9570409108589463,0.12634923387322036,0.12634923387322036,0.12360189573459715,0.361901381912592,0.25370110450157496,0.2580482797126098,0.12634923387322036,0.3704265402843602,0.25317535545023695,0.2527962085308057,0.12360189573459715,179
2.3333333333333335,0.9593077701057574,0.710114697110789,0.6644445626726969,0.9689121255933109,0.14106857681431045,0.14106857681431045,0.13772511848341232,0.3355284157010199,0.2790305049317761,0.24437250255289153,0.14106857681431045,0.34502369668246446,0.27791469194312796,0.23933649289099526,0.13772511848341232,180
2.3333333333333335,1.0122145011291601,0.7107142455719471,0.6668205989630361,0.9594449096891089,0.1319972771500646,0.1319972771500646,0.12975073452753294,0.36311811793897236,0.24804004658295695,0.25684455832800307,0.1319972771500646,0.37295043123874516,0.24642214008150887,0.2508766941522131,0.12975073452753294,181
2.3333333333333335,1.0260439007105422,0.7131689077225439,0.6701489071972953,0.9569489106989533,0.1287639865154038,0.1287639865154038,0.12625592417061612,0.36690750325665517,0.2513030915720973,0.2530254186558418,0.1287639865154038,0.376303317535545,0.249478672985782,0.24796208530805688,0.12625592417061612,182
2.3333333333333335,1.0231458141468122,0.7092196949357101,0.6655539683711063,0.9566588121351322,0.12453985433821403,0.12453985433821403,0.12180094786729857,0.359630332018891,0.2555139131199731,0.2603159005229213,0.12453985433821403,0.3681516587677725,0.25450236966824646,0.25554502369668247,0.12180094786729857,183
2.3333333333333335,1.0013984557740165,0.7080286367939245,0.664067765745735,0.9571402394003312,0.1288505638618138,0.1288505638618138,0.1258648469339399,0.366344580272635,0.251139613427039,0.25366524243850974,0.1288505638618138,0.3760780968628566,0.2503080276751019,0.2477490285281016,0.1258648469339399,184
2.3636363636363638,1.0097908491840808,0.7139573507907023,0.6713175162117746,0.9555830800712932,0.12447015159078012,0.12447015159078012,0.1217894038479765,0.36390285868578237,0.2557211650911065,0.25590582463233047,0.12447015159078012,0.37351909771585634,0.25542602596910247,0.24926547246706474,0.1217894038479765,185
2.4444444444444446,1.001287676719944,0.7089944011666813,0.6685423065387193,0.9382229373917998,0.10622506768686886,0.10622506768686886,0.1037914691943128,0.3849640097189716,0.27384273236253115,0.23496819023162677,0.10622506768686886,0.3933649289099526,0.27431279620853083,0.2285308056872038,0.1037914691943128,186
2.3333333333333335,1.0097816069220773,0.708473605395247,0.6645239305005368,0.9575217631319382,0.12691239299978022,0.12691239299978022,0.12472751397971757,0.36108534890048183,0.25323369790465206,0.2587685601950842,0.12691239299978022,0.3692540991375225,0.2524879158373614,0.25353047104539855,0.12472751397971757,187
2.3333333333333335,1.0108508179537454,0.7100385014690938,0.6662599218291179,0.9581171194289569,0.1293775418991818,0.1293775418991818,0.12643351341105108,0.36354230881949856,0.250628179521057,0.25645196976026097,0.1293775418991818,0.3733295422234859,0.24954980570562033,0.25068713865984266,0.12643351341105108,188
2.3636363636363638,1.00707362615868,0.7170064235167503,0.6746651647379922,0.9569402232630458,0.12857052167653307,0.12857052167653307,0.12539095820301394,0.36658927359372573,0.25144600177049464,0.25339420295924436,0.12857052167653307,0.3764572078475974,0.2504975831674723,0.2476542507819164,0.12539095820301394,189
2.3333333333333335,1.0076380423335274,0.7096115587562726,0.6660407560486308,0.9565127740995765,0.12470751415600718,0.12470751415600718,0.12188418159416169,0.36061478911745903,0.2552574961063074,0.2594202006202255,0.12470751415600718,0.3697279878684485,0.2546678039996209,0.25372002653776893,0.12188418159416169,190
2.3333333333333335,1.0104947789584589,0.7129914026366067,0.6700105957712206,0.9565493082071276,0.12540502317069602,0.12540502317069602,0.12292673680219884,0.3619535432969234,0.25461898070321876,0.25802245282916036,0.12540502317069602,0.3712444318074116,0.2533409155530281,0.2524879158373614,0.12292673680219884,191
2.5,0.9995228965788682,0.7102753578901262,0.6687340293307003,0.9456762197268734,0.11539306172613971,0.11539306172613971,0.11259596246801251,0.38038855926035353,0.2646446474595214,0.23957373155398423,0.11539306172613971,0.3901052032982656,0.26405080087195526,0.23324803336176667,0.11259596246801251,192
2.3333333333333335,0.9975019035201208,0.7132379622566503,0.6701966016932888,0.9571390054490327,0.1277300493693639,0.1277300493693639,0.12491706947208796,0.36425669421335466,0.2523015146788849,0.25571174173839467,0.1277300493693639,0.3730452089849303,0.25125580513695384,0.25078191640602787,0.12491706947208796,193
2.3333333333333335,1.01302640537824,0.7112340465343895,0.667893060171683,0.9568329692563928,0.12864056081573405,0.12864056081573405,0.12559241706161137,0.3671178339005376,0.2514644842744438,0.2527771210092824,0.12864056081573405,0.37725118483412323,0.24976303317535545,0.24739336492890995,0.12559241706161137,194
2.4545454545454546,1.009882881352333,0.7115031844579743,0.6712820528854203,0.9394229300357806,0.1115057384904875,0.1115057384904875,0.10841546626231995,0.3910762949923825,0.26862906916692947,0.2287888973501997,0.1115057384904875,0.40115617892342686,0.2681008339651251,0.22232752084912813,0.10841546626231995,195
2.5,1.01729490758275,0.7125070360328436,0.6716141502823564,0.9442333886189381,0.11739465908709999,0.11739465908709999,0.11410159211523882,0.38782189483029983,0.2627350638743924,0.23204838220820753,0.11739465908709999,0.39736542835481425,0.26317285822592873,0.2253601213040182,0.11410159211523882,196
2.3333333333333335,1.0172500925964034,0.7164746523229094,0.6740569962428233,0.9568413701100643,0.12700113384775008,0.12700113384775008,0.12366151805173885,0.36401182421464523,0.25305367459223405,0.2559333673453691,0.12700113384775008,0.3741116270254904,0.25206102530086233,0.2501658296219085,0.12366151805173885,197
2.5,1.007918307592094,0.70973761160396,0.6687663335383804,0.941908187308911,0.11603324373162627,0.11603324373162627,0.1121114480667172,0.39180699669342633,0.26418918056997803,0.22797057900496703,0.11603324373162627,0.40191432903714935,0.26412054586808187,0.22185367702805156,0.1121114480667172,198
2.3333333333333335,1.001305692501585,0.7156190214981353,0.6730428011918858,0.9568842699002161,0.1270753111782719,0.1270753111782719,0.12452615617892343,0.36398511520658894,0.25289317434293035,0.2560463992722058,0.1270753111782719,0.37319939347990905,0.2513267626990144,0.25094768764215314,0.12452615617892343,199
2.3333333333333335,1.0041494012889043,0.7145054694698268,0.6718801407243764,0.95604899902738,0.12502239218424963,0.12502239218424963,0.12235807032508766,0.36318329403352717,0.25493778812510187,0.2568565256571193,0.12502239218424963,0.37247654250781914,0.2530565823144726,0.2521088048526206,0.12235807032508766,200
