feature_a,feature_b,correlation,recommendation
rolling_mean_3_asof_origin,ewm_3_asof_origin,0.9902337364284345,drop_or_regularize
quantity_lag1_from_origin,rolling_mean_3_asof_origin,0.9634993752050656,drop_or_regularize
rolling_mean_6_asof_origin,ewm_3_asof_origin,0.9633387756313362,drop_or_regularize
last_quantity,ewm_3_asof_origin,0.9615144361937799,drop_or_regularize
rolling_mean_3_asof_origin,rolling_mean_6_asof_origin,0.9590542552036095,drop_or_regularize
quantity_lag1_from_origin,ewm_3_asof_origin,0.9447094423059803,drop_or_regularize
last_quantity,rolling_mean_3_asof_origin,0.9239266068612951,drop_or_regularize
quantity_lag2_from_origin,rolling_mean_3_asof_origin,0.9210673946677402,drop_or_regularize
quantity_lag1_from_origin,rolling_mean_6_asof_origin,0.9064821575108768,drop_or_regularize
quantity_lag2_from_origin,rolling_mean_6_asof_origin,0.9049843678506404,drop_or_regularize
quantity_lag3_from_origin,rolling_mean_6_asof_origin,0.898552039506774,review_redundancy
last_quantity,rolling_mean_6_asof_origin,0.8774743301194162,review_redundancy
quantity_lag2_from_origin,ewm_3_asof_origin,0.8705651079318268,review_redundancy
rolling_std_6_asof_origin,ewm_3_asof_origin,0.8533972848683844,review_redundancy
last_quantity,quantity_lag1_from_origin,0.8504019819255471,review_redundancy
quantity_lag1_from_origin,quantity_lag2_from_origin,0.8494891851067637,review_redundancy
quantity_lag2_from_origin,quantity_lag3_from_origin,0.8482475058462009,review_redundancy
rolling_mean_3_asof_origin,rolling_std_6_asof_origin,0.8437713772213112,review_redundancy
top_peer_last_quantity,top_peer_lag1_quantity,0.8347189160467019,review_redundancy
last_quantity,rolling_std_6_asof_origin,0.8320700398218202,review_redundancy
rolling_mean_6_asof_origin,rolling_std_6_asof_origin,0.8276073372326114,review_redundancy
quantity_lag2_available,quantity_lag3_available,0.8247982813390068,review_redundancy
rolling_std_3_asof_origin,rolling_std_6_asof_origin,0.8184517180820737,review_redundancy
quantity_lag12_from_origin,rolling_mean_6_asof_origin,0.812190721444215,review_redundancy
quantity_lag1_from_origin,rolling_std_6_asof_origin,0.8030155108734129,review_redundancy
quantity_lag3_from_origin,rolling_mean_3_asof_origin,0.7986711042528973,review_redundancy
quantity_lag3_from_origin,ewm_3_asof_origin,0.7985225076784647,review_redundancy
region_ex_self_lag1,system_ex_self_lag1,0.7823771820194354,review_redundancy
quantity_lag6_from_origin,rolling_mean_6_asof_origin,0.7806860210400052,review_redundancy
quantity_lag12_from_origin,ewm_3_asof_origin,0.7787557072883564,review_redundancy
top5_abs_share_asof_origin,sku_hhi_asof_origin,0.777626109525722,review_redundancy
ewm_3_asof_origin,seasonal_naive,0.7764068203794641,review_redundancy
region_ex_self_lag0,system_ex_self_lag0,0.7754311651884029,review_redundancy
rolling_mean_3_asof_origin,seasonal_naive,0.7753553565057557,review_redundancy
quantity_lag12_from_origin,rolling_mean_3_asof_origin,0.7743776546434074,review_redundancy
rolling_mean_6_asof_origin,seasonal_naive,0.7742981738758942,review_redundancy
last_quantity,rolling_std_3_asof_origin,0.7659115165899115,review_redundancy
quantity_lag1_available,quantity_lag2_available,0.7655997339962111,review_redundancy
quantity_lag3_from_origin,quantity_lag12_from_origin,0.7611139638677185,review_redundancy
rolling_std_6_asof_origin,seasonal_naive,0.7557780852361169,review_redundancy
target_month_number,target_month_sin,-0.7480089467584196,keep_if_backtest_helps
flag_mua_mua,target_month_sin,-0.7458616508862661,keep_if_backtest_helps
active_base_skus_asof_origin,top5_abs_share_asof_origin,-0.745730571066083,keep_if_backtest_helps
rolling_std_3_asof_origin,ewm_3_asof_origin,0.7432706350987704,keep_if_backtest_helps
quantity_lag2_from_origin,rolling_std_6_asof_origin,0.7390274277444583,keep_if_backtest_helps
quantity_lag1_from_origin,quantity_lag12_from_origin,0.7357362971264012,keep_if_backtest_helps
quantity_lag12_from_origin,seasonal_naive,0.7344675492914156,keep_if_backtest_helps
quantity_lag6_from_origin,ewm_3_asof_origin,0.7317323548792631,keep_if_backtest_helps
quantity_lag12_from_origin,rolling_std_6_asof_origin,0.7283850082552626,keep_if_backtest_helps
last_quantity,quantity_lag2_from_origin,0.7272781686448816,keep_if_backtest_helps
quantity_lag1_from_origin,quantity_lag3_from_origin,0.7251067052619535,keep_if_backtest_helps
quantity_lag1_from_origin,seasonal_naive,0.7241378231073397,keep_if_backtest_helps
quantity_lag2_from_origin,quantity_lag12_from_origin,0.7230984024823995,keep_if_backtest_helps
rolling_mean_3_asof_origin,rolling_std_3_asof_origin,0.7208291037812524,keep_if_backtest_helps
last_quantity,seasonal_naive,0.7184845884754304,keep_if_backtest_helps
quantity_lag6_from_origin,rolling_mean_3_asof_origin,0.7154062172532855,keep_if_backtest_helps
quantity_lag3_from_origin,rolling_std_6_asof_origin,0.7148206142094148,keep_if_backtest_helps
quantity_lag2_from_origin,seasonal_naive,0.7141839135416147,keep_if_backtest_helps
last_quantity,quantity_lag12_from_origin,0.7047968050562105,keep_if_backtest_helps
quantity_lag6_from_origin,rolling_std_6_asof_origin,0.695377804909921,keep_if_backtest_helps
quantity_lag3_from_origin,seasonal_naive,0.6901435563174423,keep_if_backtest_helps
rolling_mean_6_asof_origin,rolling_std_3_asof_origin,0.6841108766255388,keep_if_backtest_helps
quantity_lag2_from_origin,quantity_lag6_from_origin,0.6764517810907472,keep_if_backtest_helps
quantity_lag1_from_origin,rolling_std_3_asof_origin,0.6740336866283082,keep_if_backtest_helps
quantity_lag1_from_origin,quantity_lag6_from_origin,0.6734014914125386,keep_if_backtest_helps
last_quantity,quantity_lag3_from_origin,0.6731409897633065,keep_if_backtest_helps
quantity_lag6_from_origin,quantity_lag12_from_origin,0.6710209501491919,keep_if_backtest_helps
last_quantity,quantity_lag6_from_origin,0.6661434242885856,keep_if_backtest_helps
quantity_lag3_available,quantity_lag6_available,0.6628348587878865,keep_if_backtest_helps
quantity_lag3_from_origin,quantity_lag6_from_origin,0.657672800899254,keep_if_backtest_helps
quantity_lag6_from_origin,seasonal_naive,0.6469889301704402,keep_if_backtest_helps
region_ex_self_lag0,region_ex_self_lag1,0.6449018774719776,keep_if_backtest_helps
region_ex_self_lag2,region_ex_self_lag3,0.6432269422850633,keep_if_backtest_helps
region_ex_self_lag1,region_ex_self_lag2,0.6430842368368193,keep_if_backtest_helps
quantity_lag12_available,trend_index,0.639812056875429,keep_if_backtest_helps
quantity_lag1_available,quantity_lag3_available,0.6314653447936743,keep_if_backtest_helps
rolling_std_3_asof_origin,seasonal_naive,0.5967083031534232,keep_if_backtest_helps
system_ex_self_lag1,target_month_sin,-0.5923694368356177,keep_if_backtest_helps
quantity_lag2_from_origin,rolling_std_3_asof_origin,0.5878927530454555,keep_if_backtest_helps
quantity_lag6_from_origin,rolling_std_3_asof_origin,0.574477505762846,keep_if_backtest_helps
quantity_lag6_available,quantity_lag12_available,0.5739753210409148,keep_if_backtest_helps
quantity_lag3_from_origin,rolling_std_3_asof_origin,0.563415147539609,keep_if_backtest_helps
quantity_lag2_available,quantity_lag6_available,0.5467050523398331,keep_if_backtest_helps
quantity_lag6_available,trend_index,0.5355883128806013,keep_if_backtest_helps
system_ex_self_lag0,system_ex_self_lag1,0.5261445364960776,keep_if_backtest_helps
region_ex_self_lag1,target_month_sin,-0.5118944037571024,keep_if_backtest_helps
system_ex_self_lag0,flag_mua_mua,0.5090704040430946,keep_if_backtest_helps
active_base_skus_asof_origin,sku_hhi_asof_origin,-0.4911658501375226,keep_if_backtest_helps
gg_trends_lag1,target_month_cos,0.48017885405039945,keep_if_backtest_helps
ty_trong_thang_co_hon,target_month_sin,-0.4696378489587258,keep_if_backtest_helps
quantity_lag3_available,system_ex_self_lag1,0.4669848051310397,keep_if_backtest_helps
region_ex_self_lag2,target_month_sin,-0.46232762309675013,keep_if_backtest_helps
ty_trong_thang_gieng,target_month_number,-0.4579770510477464,keep_if_backtest_helps
region_ex_self_lag0,flag_mua_mua,0.45612284269190345,keep_if_backtest_helps
quantity_lag12_from_origin,rolling_std_3_asof_origin,0.4547600071931917,keep_if_backtest_helps
flag_mua_mua,target_month_number,0.4483046713976293,keep_if_backtest_helps
region_ex_self_lag3,target_month_cos,0.4477600695634901,keep_if_backtest_helps
system_ex_self_lag0,target_month_sin,-0.4447733006212346,keep_if_backtest_helps
quantity_lag6_available,target_month_cos,0.4421861987346975,keep_if_backtest_helps
quantity_lag2_available,system_ex_self_lag0,0.4364810598468889,keep_if_backtest_helps
region_ex_self_lag0,system_ex_self_lag1,0.43077834229054723,keep_if_backtest_helps
system_ex_self_lag1,flag_mua_mua,0.4282780364777386,keep_if_backtest_helps
quantity_lag2_available,target_month_sin,-0.4270480479746197,keep_if_backtest_helps
quantity_lag3_available,target_month_sin,-0.42464021535281316,keep_if_backtest_helps
quantity_lag3_available,trend_index,0.4234334571354095,keep_if_backtest_helps
ty_trong_thanh_minh,target_month_sin,0.4220471346999072,keep_if_backtest_helps
quantity_lag1_available,quantity_lag6_available,0.41855724264576066,keep_if_backtest_helps
system_ex_self_lag1,gg_trends_lag1,-0.4155116284853617,keep_if_backtest_helps
region_ex_self_lag0,target_month_sin,-0.4130233102971673,keep_if_backtest_helps
flag_mua_mua,ty_trong_thanh_minh,-0.41293498254420774,keep_if_backtest_helps
quantity_lag2_available,top5_abs_share_asof_origin,-0.4124933414046769,keep_if_backtest_helps
gg_trends_lag1,ty_trong_thang_gieng,-0.40577896037715927,keep_if_backtest_helps
system_ex_self_lag0,target_month_cos,-0.40258487819447103,keep_if_backtest_helps
ty_trong_thang_gieng,target_month_sin,0.39849162730467075,keep_if_backtest_helps
quantity_lag3_available,region_ex_self_lag1,0.39371114899180987,keep_if_backtest_helps
flag_mua_mua,ty_trong_thang_gieng,-0.39243100933226005,keep_if_backtest_helps
trend_index,target_month_number,0.3920976395831822,keep_if_backtest_helps
target_month_number,target_month_cos,0.3894911251022906,keep_if_backtest_helps
region_ex_self_lag2,system_ex_self_lag1,0.3888732157492488,keep_if_backtest_helps
region_ex_self_lag1,system_ex_self_lag0,0.3872105167130703,keep_if_backtest_helps
quantity_lag3_available,top5_abs_share_asof_origin,-0.38701519021254316,keep_if_backtest_helps
quantity_lag3_available,target_month_number,0.38309918400912424,keep_if_backtest_helps
ty_trong_chay_tet,target_month_number,-0.38236226607219165,keep_if_backtest_helps
quantity_lag3_available,quantity_lag12_available,0.3804508508698868,keep_if_backtest_helps
quantity_lag2_available,region_ex_self_lag0,0.37684606284550387,keep_if_backtest_helps
quantity_lag2_available,target_month_number,0.37248529551378484,keep_if_backtest_helps
region_ex_self_lag1,flag_mua_mua,0.369725250245425,keep_if_backtest_helps
quantity_lag1_available,target_month_sin,-0.3615268124592823,keep_if_backtest_helps
region_ex_self_lag3,target_month_number,0.3564388322697074,keep_if_backtest_helps
quantity_lag2_available,sku_hhi_asof_origin,-0.3545280968925284,keep_if_backtest_helps
quantity_lag6_from_origin,region_ex_self_lag3,-0.3499445126713868,keep_if_backtest_helps
quantity_lag2_available,trend_index,0.34976864835909793,keep_if_backtest_helps
quantity_lag6_from_origin,region_ex_self_lag1,-0.3492791760437062,keep_if_backtest_helps
region_ex_self_lag2,target_month_number,0.3456589867519136,keep_if_backtest_helps
quantity_lag3_from_origin,region_ex_self_lag0,-0.34291778626081093,keep_if_backtest_helps
last_quantity,active_base_skus_asof_origin,0.34114150015381806,keep_if_backtest_helps
quantity_lag6_from_origin,region_ex_self_lag0,-0.34043245727923427,keep_if_backtest_helps
region_ex_self_lag3,system_ex_self_lag0,-0.33854640644576484,keep_if_backtest_helps
ewm_3_asof_origin,active_base_skus_asof_origin,0.33729290297649167,keep_if_backtest_helps
quantity_lag6_from_origin,region_ex_self_lag2,-0.33628007570097745,keep_if_backtest_helps
system_ex_self_lag1,ty_trong_thanh_minh,-0.3310673173755431,keep_if_backtest_helps
gg_trends_lag1,ty_trong_thanh_minh,0.3301309682935833,keep_if_backtest_helps
flag_mua_mua,target_month_cos,-0.32745021684915915,keep_if_backtest_helps
rolling_mean_3_asof_origin,active_base_skus_asof_origin,0.3247298936588078,keep_if_backtest_helps
ewm_3_asof_origin,top5_abs_share_asof_origin,-0.3224449610767848,keep_if_backtest_helps
region_ex_self_lag3,trend_index,0.3223237578342037,keep_if_backtest_helps
quantity_lag1_available,target_month_number,0.3220733797108306,keep_if_backtest_helps
quantity_lag1_available,sku_hhi_asof_origin,-0.32196065128515594,keep_if_backtest_helps
system_ex_self_lag1,ty_trong_thang_co_hon,0.32066543535365094,keep_if_backtest_helps
rolling_mean_3_asof_origin,top5_abs_share_asof_origin,-0.31676665118676295,keep_if_backtest_helps
rolling_std_3_asof_origin,region_ex_self_lag3,-0.31631571294032124,keep_if_backtest_helps
quantity_lag2_available,quantity_lag12_available,0.31379520793144683,keep_if_backtest_helps
quantity_lag2_available,system_ex_self_lag1,0.3130595790729649,keep_if_backtest_helps
rolling_mean_6_asof_origin,top5_abs_share_asof_origin,-0.31268288454203846,keep_if_backtest_helps
gg_trends_lag1,target_month_number,0.31220949458479613,keep_if_backtest_helps
quantity_lag3_available,sku_hhi_asof_origin,-0.3117111513799993,keep_if_backtest_helps
last_quantity,top5_abs_share_asof_origin,-0.3082686162111336,keep_if_backtest_helps
system_ex_self_lag0,gg_trends_lag1,-0.30713341996321,keep_if_backtest_helps
flag_mua_mua,ty_trong_chay_tet,-0.30681481275124783,keep_if_backtest_helps
rolling_mean_6_asof_origin,active_base_skus_asof_origin,0.3041568692698903,keep_if_backtest_helps
region_ex_self_lag3,seasonal_naive,-0.3029084602899664,keep_if_backtest_helps
ty_trong_chay_tet,target_month_cos,0.30258421854830925,keep_if_backtest_helps
region_ex_self_lag2,seasonal_naive,-0.3025654650991701,keep_if_backtest_helps
last_quantity,region_ex_self_lag3,-0.30051017072157377,keep_if_backtest_helps
trend_index,target_month_sin,-0.2992916639306807,keep_if_backtest_helps
region_ex_self_lag2,trend_index,0.2981513589840919,keep_if_backtest_helps
quantity_lag3_from_origin,region_ex_self_lag1,-0.2968937811327292,keep_if_backtest_helps
flag_mua_mua,ty_trong_thang_co_hon,0.295863257686775,keep_if_backtest_helps
quantity_lag6_available,top5_abs_share_asof_origin,-0.29583835359840244,keep_if_backtest_helps
region_ex_self_lag1,ty_trong_thanh_minh,-0.2958080405044827,keep_if_backtest_helps
quantity_lag3_available,system_ex_self_lag0,0.2956648632462363,keep_if_backtest_helps
quantity_lag2_available,active_base_skus_asof_origin,0.2944185968583677,keep_if_backtest_helps
region_ex_self_lag1,seasonal_naive,-0.29312445268399434,keep_if_backtest_helps
quantity_lag1_available,system_ex_self_lag0,0.2929512471517297,keep_if_backtest_helps
ty_trong_thanh_minh,target_month_number,-0.2914404729477583,keep_if_backtest_helps
quantity_lag6_available,region_ex_self_lag3,0.289791307398904,keep_if_backtest_helps
quantity_lag2_from_origin,region_ex_self_lag0,-0.28936204231925156,keep_if_backtest_helps
rolling_std_3_asof_origin,region_ex_self_lag2,-0.2892588506682013,keep_if_backtest_helps
quantity_lag3_available,active_base_skus_asof_origin,0.28690302818279373,keep_if_backtest_helps
quantity_lag1_from_origin,active_base_skus_asof_origin,0.28636508934809957,keep_if_backtest_helps
quantity_lag3_available,region_ex_self_lag2,0.2858941063957507,keep_if_backtest_helps
quantity_lag1_from_origin,top5_abs_share_asof_origin,-0.2849283648366184,keep_if_backtest_helps
quantity_lag3_available,target_month_cos,0.2823325072719713,keep_if_backtest_helps
quantity_lag3_available,ty_trong_thanh_minh,-0.2795968282508617,keep_if_backtest_helps
system_ex_self_lag0,top_peer_last_quantity,0.2773524731334955,keep_if_backtest_helps
quantity_lag2_available,region_ex_self_lag1,0.2770467924885207,keep_if_backtest_helps
region_ex_self_lag3,target_month_sin,-0.27688570519260836,keep_if_backtest_helps
system_ex_self_lag0,ty_trong_thang_co_hon,0.2768696229662467,keep_if_backtest_helps
region_ex_self_lag0,target_month_cos,-0.2746798423018415,keep_if_backtest_helps
region_ex_self_lag1,gg_trends_lag1,-0.2728078693545163,keep_if_backtest_helps
system_ex_self_lag1,top_peer_lag1_quantity,0.27271038180736185,keep_if_backtest_helps
region_ex_self_lag1,target_month_number,0.2713790967278468,keep_if_backtest_helps
quantity_lag6_available,gg_trends_lag1,0.2697826549515923,keep_if_backtest_helps
ewm_3_asof_origin,region_ex_self_lag3,-0.2685933065949491,keep_if_backtest_helps
quantity_lag2_available,flag_mua_mua,0.2668268502527968,keep_if_backtest_helps
quantity_lag1_available,flag_mua_mua,0.26667260800465076,keep_if_backtest_helps
quantity_lag1_available,region_ex_self_lag0,0.265890279515317,keep_if_backtest_helps
trend_index,target_month_cos,0.2652003496696188,keep_if_backtest_helps
region_ex_self_lag3,gg_trends_lag1,0.26500198644595957,keep_if_backtest_helps
rolling_std_6_asof_origin,region_ex_self_lag3,-0.26377312739862985,keep_if_backtest_helps
gg_trends_lag1,flag_mua_mua,-0.26357921901059783,keep_if_backtest_helps
quantity_lag12_from_origin,region_ex_self_lag3,-0.2631400122794195,keep_if_backtest_helps
trend_index,gg_trends_lag1,0.26127581943802247,keep_if_backtest_helps
quantity_lag1_available,top5_abs_share_asof_origin,-0.2595887244422404,keep_if_backtest_helps
region_ex_self_lag1,region_ex_self_lag3,0.2583940294063998,keep_if_backtest_helps
region_ex_self_lag0,region_ex_self_lag2,0.2577287948872347,keep_if_backtest_helps
system_ex_self_lag1,target_month_number,0.25721285369746216,keep_if_backtest_helps
system_ex_self_lag0,ty_trong_thanh_minh,-0.255842019754833,keep_if_backtest_helps
quantity_lag2_available,ty_trong_thanh_minh,-0.2547206882913193,keep_if_backtest_helps
last_quantity,region_ex_self_lag2,-0.25341654619243414,keep_if_backtest_helps
region_ex_self_lag1,ty_trong_thang_co_hon,0.2530283918650012,keep_if_backtest_helps
region_ex_self_lag2,target_month_cos,0.25263513247952296,keep_if_backtest_helps
rolling_mean_3_asof_origin,region_ex_self_lag3,-0.2524332210179494,keep_if_backtest_helps
quantity_lag1_from_origin,region_ex_self_lag3,-0.251097664821311,keep_if_backtest_helps
quantity_lag3_available,region_ex_self_lag0,0.25088582765004963,keep_if_backtest_helps
region_ex_self_lag2,ty_trong_thang_co_hon,0.2506854319290702,keep_if_backtest_helps
quantity_lag6_available,target_month_number,0.2495605106690834,keep_if_backtest_helps
region_ex_self_lag1,trend_index,0.2494773176683839,keep_if_backtest_helps
region_ex_self_lag0,top_peer_last_quantity,0.246155787569396,keep_if_backtest_helps
region_ex_self_lag0,seasonal_naive,-0.24446443490854625,keep_if_backtest_helps
system_ex_self_lag0,ty_trong_thang_gieng,-0.24146946381340176,keep_if_backtest_helps
region_ex_self_lag1,top_peer_lag1_quantity,0.24085391339098722,keep_if_backtest_helps
quantity_lag12_from_origin,region_ex_self_lag2,-0.2405020500511801,keep_if_backtest_helps
quantity_lag1_available,quantity_lag12_available,0.24024152772160123,keep_if_backtest_helps
quantity_lag2_from_origin,top5_abs_share_asof_origin,-0.23982747342098054,keep_if_backtest_helps
quantity_lag1_available,trend_index,0.23868231381957647,keep_if_backtest_helps
quantity_lag1_available,ty_trong_thang_gieng,-0.23574840493688648,keep_if_backtest_helps
system_ex_self_lag0,active_base_skus_asof_origin,0.23218646174316313,keep_if_backtest_helps
region_ex_self_lag0,ty_trong_thanh_minh,-0.22605812777332546,keep_if_backtest_helps
quantity_lag2_from_origin,active_base_skus_asof_origin,0.22478036606294538,keep_if_backtest_helps
region_ex_self_lag0,ty_trong_thang_gieng,-0.22418879634439803,keep_if_backtest_helps
ty_trong_thang_gieng,target_month_cos,0.22374820046554056,keep_if_backtest_helps
region_ex_self_lag0,ty_trong_thang_co_hon,0.22268518017097538,keep_if_backtest_helps
gg_trends_lag1,ty_trong_chay_tet,0.2217111296491362,keep_if_backtest_helps
ewm_3_asof_origin,region_ex_self_lag2,-0.22009657071272856,keep_if_backtest_helps
quantity_lag1_from_origin,sku_hhi_asof_origin,-0.2195836484265064,keep_if_backtest_helps
rolling_mean_6_asof_origin,region_ex_self_lag3,-0.218754253553099,keep_if_backtest_helps
quantity_lag3_from_origin,top5_abs_share_asof_origin,-0.21862513747992923,keep_if_backtest_helps
rolling_mean_6_asof_origin,region_ex_self_lag0,-0.2174396313305447,keep_if_backtest_helps
rolling_mean_6_asof_origin,region_ex_self_lag2,-0.2148411689926684,keep_if_backtest_helps
quantity_lag6_available,sku_hhi_asof_origin,-0.21346586063789014,keep_if_backtest_helps
quantity_lag6_available,active_base_skus_asof_origin,0.2129187579094053,keep_if_backtest_helps
ewm_3_asof_origin,sku_hhi_asof_origin,-0.21190852232918522,keep_if_backtest_helps
region_ex_self_lag0,active_base_skus_asof_origin,0.209316677889911,keep_if_backtest_helps
rolling_mean_3_asof_origin,sku_hhi_asof_origin,-0.20757958113235767,keep_if_backtest_helps
rolling_mean_6_asof_origin,region_ex_self_lag1,-0.20604454413137058,keep_if_backtest_helps
rolling_mean_6_asof_origin,sku_hhi_asof_origin,-0.20507370070734948,keep_if_backtest_helps
last_quantity,sku_hhi_asof_origin,-0.20477139590875418,keep_if_backtest_helps
rolling_std_6_asof_origin,region_ex_self_lag2,-0.20333425173838465,keep_if_backtest_helps
quantity_lag3_available,flag_mua_mua,0.20128976371572604,keep_if_backtest_helps
rolling_std_3_asof_origin,region_ex_self_lag1,-0.19783732498985626,keep_if_backtest_helps
ty_trong_thanh_minh,target_month_cos,-0.19760717284975776,keep_if_backtest_helps
quantity_lag6_available,region_ex_self_lag2,0.19660004415141188,keep_if_backtest_helps
region_ex_self_lag0,gg_trends_lag1,-0.1963683562929554,keep_if_backtest_helps
region_ex_self_lag2,flag_mua_mua,0.19555082281379577,keep_if_backtest_helps
ty_trong_chay_tet,target_month_sin,0.1929454696745145,keep_if_backtest_helps
region_ex_self_lag0,trend_index,0.19278569689936456,keep_if_backtest_helps
quantity_lag1_available,ty_trong_thanh_minh,-0.19273364538245585,keep_if_backtest_helps
quantity_lag3_from_origin,active_base_skus_asof_origin,0.1918588551527314,keep_if_backtest_helps
region_ex_self_lag2,ty_trong_thanh_minh,-0.19080210399762126,keep_if_backtest_helps
quantity_lag2_available,ty_trong_thang_gieng,-0.18913715844916434,keep_if_backtest_helps
quantity_lag3_from_origin,region_ex_self_lag2,-0.18545551844115182,keep_if_backtest_helps
quantity_lag2_from_origin,region_ex_self_lag1,-0.1852635331359103,keep_if_backtest_helps
quantity_lag12_available,ty_trong_chay_tet,-0.18137765651503818,keep_if_backtest_helps
rolling_std_6_asof_origin,top5_abs_share_asof_origin,-0.1802916891831531,keep_if_backtest_helps
quantity_lag1_from_origin,region_ex_self_lag0,-0.17961982118906364,keep_if_backtest_helps
rolling_mean_3_asof_origin,region_ex_self_lag2,-0.17933242253589615,keep_if_backtest_helps
quantity_lag3_available,rolling_mean_3_asof_origin,0.17753410281144466,keep_if_backtest_helps
quantity_lag3_available,rolling_mean_6_asof_origin,0.1773989307684234,keep_if_backtest_helps
quantity_lag2_from_origin,sku_hhi_asof_origin,-0.17629954138788997,keep_if_backtest_helps
quantity_lag6_from_origin,top_peer_lag1_quantity,-0.17564988569025963,keep_if_backtest_helps
rolling_std_3_asof_origin,target_month_cos,-0.1749404308346173,keep_if_backtest_helps
ty_trong_thang_co_hon,target_month_number,0.1730838757770244,keep_if_backtest_helps
quantity_lag12_from_origin,target_month_sin,-0.17201356232141116,keep_if_backtest_helps
region_ex_self_lag0,target_month_number,0.17173666368788112,keep_if_backtest_helps
target_month_cos,seasonal_naive,-0.16972932306015362,keep_if_backtest_helps
quantity_lag1_from_origin,quantity_lag3_available,0.16955191656706478,keep_if_backtest_helps
quantity_lag2_available,target_month_cos,0.16883025819861586,keep_if_backtest_helps
quantity_lag1_from_origin,region_ex_self_lag2,-0.16790688548555274,keep_if_backtest_helps
ty_trong_thang_gieng,seasonal_naive,-0.16758358323045267,keep_if_backtest_helps
quantity_lag12_from_origin,top5_abs_share_asof_origin,-0.1669692433118011,keep_if_backtest_helps
quantity_lag6_from_origin,top_peer_last_quantity,-0.1667221243762279,keep_if_backtest_helps
system_ex_self_lag0,top5_abs_share_asof_origin,-0.16564016729754538,keep_if_backtest_helps
quantity_lag2_available,ewm_3_asof_origin,0.16558600988661493,keep_if_backtest_helps
quantity_lag6_from_origin,system_ex_self_lag1,-0.16485606698851138,keep_if_backtest_helps
last_quantity,region_ex_self_lag1,-0.16473089902764265,keep_if_backtest_helps
ewm_3_asof_origin,region_ex_self_lag1,-0.16427678937028195,keep_if_backtest_helps
quantity_lag2_available,rolling_mean_6_asof_origin,0.16404132177171954,keep_if_backtest_helps
quantity_lag3_available,ewm_3_asof_origin,0.16393436015543253,keep_if_backtest_helps
quantity_lag2_available,rolling_mean_3_asof_origin,0.1636167089452201,keep_if_backtest_helps
quantity_lag2_from_origin,region_ex_self_lag3,-0.16315535796928776,keep_if_backtest_helps
trend_index,ty_trong_thanh_minh,-0.1628389102687706,keep_if_backtest_helps
quantity_lag12_available,top5_abs_share_asof_origin,-0.16283849310081233,keep_if_backtest_helps
system_ex_self_lag1,active_base_skus_asof_origin,0.16231912686448324,keep_if_backtest_helps
last_quantity,quantity_lag2_available,0.16107046984969806,keep_if_backtest_helps
system_ex_self_lag0,top_peer_lag1_quantity,0.1589017155150342,keep_if_backtest_helps
quantity_lag6_available,rolling_mean_6_asof_origin,0.15842276236665417,keep_if_backtest_helps
quantity_lag12_available,seasonal_naive,0.15831525801993787,keep_if_backtest_helps
quantity_lag12_from_origin,region_ex_self_lag1,-0.15804384553113593,keep_if_backtest_helps
top5_abs_share_asof_origin,target_month_sin,0.15758288744583848,keep_if_backtest_helps
quantity_lag6_from_origin,target_month_sin,0.15757802812762547,keep_if_backtest_helps
top_peer_lag1_quantity,seasonal_naive,-0.15732560035530618,keep_if_backtest_helps
quantity_lag3_from_origin,sku_hhi_asof_origin,-0.15555325428378697,keep_if_backtest_helps
quantity_lag12_from_origin,active_base_skus_asof_origin,0.1552961480475964,keep_if_backtest_helps
quantity_lag6_from_origin,flag_mua_mua,-0.15303988093515275,keep_if_backtest_helps
sku_hhi_asof_origin,top_peer_last_quantity,0.1520645557042762,keep_if_backtest_helps
rolling_mean_3_asof_origin,region_ex_self_lag0,-0.1516070008634129,keep_if_backtest_helps
quantity_lag6_from_origin,recent_growth_3m,-0.15061112503077992,keep_if_backtest_helps
quantity_lag3_from_origin,top_peer_last_quantity,-0.14896202931666966,keep_if_backtest_helps
last_quantity,system_ex_self_lag0,0.14860380043260854,keep_if_backtest_helps
ewm_3_asof_origin,region_ex_self_lag0,-0.14681420884069343,keep_if_backtest_helps
rolling_std_3_asof_origin,trend_index,-0.14679269998783326,keep_if_backtest_helps
system_ex_self_lag1,top5_abs_share_asof_origin,-0.1464722324264482,keep_if_backtest_helps
quantity_lag3_available,ty_trong_thang_co_hon,0.14613441832917187,keep_if_backtest_helps
quantity_lag3_from_origin,quantity_lag6_available,0.14554563197012874,keep_if_backtest_helps
region_ex_self_lag0,top_peer_lag1_quantity,0.1452987172204921,keep_if_backtest_helps
quantity_lag6_from_origin,system_ex_self_lag0,-0.14471210885610242,keep_if_backtest_helps
trend_index,ty_trong_thang_gieng,-0.14409101594626497,keep_if_backtest_helps
quantity_lag6_from_origin,top5_abs_share_asof_origin,-0.1440246031641889,keep_if_backtest_helps
rolling_std_6_asof_origin,region_ex_self_lag1,-0.14366761299191785,keep_if_backtest_helps
quantity_lag12_from_origin,region_ex_self_lag0,-0.1431340302787927,keep_if_backtest_helps
rolling_std_6_asof_origin,trend_index,-0.14292609881961957,keep_if_backtest_helps
quantity_lag3_from_origin,system_ex_self_lag0,-0.14283278009908945,keep_if_backtest_helps
rolling_std_3_asof_origin,region_ex_self_lag0,-0.1411171454243583,keep_if_backtest_helps
rolling_mean_3_asof_origin,region_ex_self_lag1,-0.14075313860704464,keep_if_backtest_helps
top_peer_last_quantity,seasonal_naive,-0.14059846232730822,keep_if_backtest_helps
rolling_std_6_asof_origin,sku_hhi_asof_origin,-0.1400168068122004,keep_if_backtest_helps
quantity_lag1_available,active_base_skus_asof_origin,0.13908369345342478,keep_if_backtest_helps
rolling_std_6_asof_origin,region_ex_self_lag0,-0.13824251322437406,keep_if_backtest_helps
quantity_lag1_from_origin,system_ex_self_lag1,0.13817678635104713,keep_if_backtest_helps
region_ex_self_lag1,active_base_skus_asof_origin,0.1380167003257269,keep_if_backtest_helps
quantity_lag2_available,gg_trends_lag1,0.13794956981186285,keep_if_backtest_helps
quantity_lag2_available,ty_trong_thang_co_hon,0.13747461099562333,keep_if_backtest_helps
quantity_lag6_available,target_month_sin,-0.136953631571665,keep_if_backtest_helps
trend_index,flag_mua_mua,0.13621841960603503,keep_if_backtest_helps
top_peer_lag1_quantity,target_month_sin,-0.1361265820442389,keep_if_backtest_helps
quantity_lag1_available,gg_trends_lag1,0.13592507023766587,keep_if_backtest_helps
rolling_std_6_asof_origin,active_base_skus_asof_origin,0.1343671964998076,keep_if_backtest_helps
quantity_lag6_available,ty_trong_chay_tet,0.13331234064997027,keep_if_backtest_helps
top5_abs_share_asof_origin,ty_trong_thanh_minh,0.1321092852652097,keep_if_backtest_helps
system_ex_self_lag1,top_peer_last_quantity,0.1302098535685878,keep_if_backtest_helps
quantity_lag12_from_origin,system_ex_self_lag0,0.12975870342657175,keep_if_backtest_helps
region_ex_self_lag1,top_peer_last_quantity,0.12949294379384638,keep_if_backtest_helps
rolling_std_3_asof_origin,top5_abs_share_asof_origin,-0.12930211821546633,keep_if_backtest_helps
region_ex_self_lag2,top_peer_lag1_quantity,0.12725121546222368,keep_if_backtest_helps
top5_abs_share_asof_origin,target_month_cos,-0.1266998022542003,keep_if_backtest_helps
quantity_lag3_available,ty_trong_thang_gieng,-0.12552913623440695,keep_if_backtest_helps
quantity_lag6_available,ty_trong_thanh_minh,-0.12527045612732768,keep_if_backtest_helps
quantity_lag12_available,ty_trong_thang_gieng,-0.12447570195261819,keep_if_backtest_helps
active_base_skus_asof_origin,target_month_sin,-0.12445560270805182,keep_if_backtest_helps
ty_trong_thang_co_hon,target_month_cos,-0.12252729731060298,keep_if_backtest_helps
quantity_lag12_available,target_month_number,0.12219339981322565,keep_if_backtest_helps
ty_trong_thang_co_hon,ty_trong_thanh_minh,-0.12217228914836062,keep_if_backtest_helps
quantity_lag12_from_origin,sku_hhi_asof_origin,-0.1217558562221491,keep_if_backtest_helps
quantity_lag12_from_origin,system_ex_self_lag1,0.12157990762814307,keep_if_backtest_helps
top_peer_lag1_quantity,gg_trends_lag1,-0.12130121605595004,keep_if_backtest_helps
rolling_mean_3_asof_origin,target_month_sin,-0.12107277094752322,keep_if_backtest_helps
rolling_std_3_asof_origin,target_month_number,-0.11871030018945686,keep_if_backtest_helps
quantity_lag2_from_origin,quantity_lag3_available,0.1181846747788724,keep_if_backtest_helps
quantity_lag3_available,gg_trends_lag1,0.11802835498420618,keep_if_backtest_helps
quantity_lag1_available,ty_trong_thang_co_hon,0.11691900433742711,keep_if_backtest_helps
sku_hhi_asof_origin,target_month_sin,0.1166396370661597,keep_if_backtest_helps
last_quantity,quantity_lag3_available,0.1165187072521198,keep_if_backtest_helps
quantity_lag12_available,sku_hhi_asof_origin,-0.1162324208144464,keep_if_backtest_helps
ty_trong_thang_gieng,ty_trong_thang_co_hon,-0.11610591683835213,keep_if_backtest_helps
quantity_lag6_from_origin,active_base_skus_asof_origin,0.11512687859465097,keep_if_backtest_helps
top_peer_last_quantity,target_month_cos,-0.11452885566597726,keep_if_backtest_helps
sku_hhi_asof_origin,top_peer_lag1_quantity,0.11428252033623373,keep_if_backtest_helps
gg_trends_lag1,target_month_sin,0.1137868219178987,keep_if_backtest_helps
active_base_skus_asof_origin,ty_trong_thanh_minh,-0.11326564432392085,keep_if_backtest_helps
quantity_lag1_from_origin,quantity_lag2_available,0.11256441770925864,keep_if_backtest_helps
gg_trends_lag1,ty_trong_thang_co_hon,-0.11211869462982188,keep_if_backtest_helps
quantity_lag1_available,ewm_3_asof_origin,0.11170515221242319,keep_if_backtest_helps
quantity_lag6_from_origin,target_month_number,-0.11127797597347161,keep_if_backtest_helps
top5_abs_share_asof_origin,seasonal_naive,-0.11091685779864698,keep_if_backtest_helps
quantity_lag1_available,rolling_mean_6_asof_origin,0.11063589835403702,keep_if_backtest_helps
quantity_lag1_available,rolling_mean_3_asof_origin,0.11038580534688326,keep_if_backtest_helps
rolling_std_6_asof_origin,target_month_cos,-0.10938052718162347,keep_if_backtest_helps
system_ex_self_lag0,target_month_number,0.10925147087590609,keep_if_backtest_helps
region_ex_self_lag0,top5_abs_share_asof_origin,-0.10828361607967822,keep_if_backtest_helps
quantity_lag6_available,system_ex_self_lag0,-0.10814147134525949,keep_if_backtest_helps
quantity_lag6_from_origin,sku_hhi_asof_origin,-0.10787987554699856,keep_if_backtest_helps
quantity_lag1_from_origin,gg_trends_lag1,-0.10759692295737026,keep_if_backtest_helps
last_quantity,quantity_lag1_available,0.1070175416537077,keep_if_backtest_helps
active_base_skus_asof_origin,top_peer_lag1_quantity,-0.10689710001500903,keep_if_backtest_helps
ty_trong_chay_tet,seasonal_naive,-0.106352277552494,keep_if_backtest_helps
system_ex_self_lag1,sku_hhi_asof_origin,-0.10631307977168158,keep_if_backtest_helps
quantity_lag12_from_origin,gg_trends_lag1,-0.10602498539965104,keep_if_backtest_helps
rolling_std_6_asof_origin,gg_trends_lag1,-0.10583540267404536,keep_if_backtest_helps
quantity_lag12_from_origin,top_peer_lag1_quantity,-0.10552684309151568,keep_if_backtest_helps
quantity_lag1_from_origin,target_month_sin,-0.1053579489189367,keep_if_backtest_helps
rolling_std_3_asof_origin,active_base_skus_asof_origin,0.10511781451718838,keep_if_backtest_helps
quantity_lag3_from_origin,target_month_cos,0.10448097038478664,keep_if_backtest_helps
region_ex_self_lag3,top_peer_last_quantity,-0.10397421704814323,keep_if_backtest_helps
rolling_std_3_asof_origin,sku_hhi_asof_origin,-0.1034109189610367,keep_if_backtest_helps
system_ex_self_lag0,sku_hhi_asof_origin,-0.10251607039425643,keep_if_backtest_helps
quantity_lag12_from_origin,top_peer_last_quantity,-0.10239494264856441,keep_if_backtest_helps
quantity_lag3_from_origin,top_peer_lag1_quantity,-0.10097936384831387,keep_if_backtest_helps
ewm_3_asof_origin,target_month_sin,-0.10007559623191505,keep_if_backtest_helps
quantity_lag12_available,top_peer_last_quantity,-0.09992168987200689,keep_if_backtest_helps
rolling_std_6_asof_origin,system_ex_self_lag0,0.09980780318144171,keep_if_backtest_helps
quantity_lag2_from_origin,top_peer_last_quantity,-0.09930854349129416,keep_if_backtest_helps
system_ex_self_lag1,trend_index,0.09919445628303293,keep_if_backtest_helps
sku_hhi_asof_origin,target_month_cos,-0.09903195448601869,keep_if_backtest_helps
top5_abs_share_asof_origin,target_month_number,-0.09794808858157861,keep_if_backtest_helps
quantity_lag12_available,active_base_skus_asof_origin,0.09685035574761501,keep_if_backtest_helps
top_peer_last_quantity,target_month_sin,-0.09643364281307064,keep_if_backtest_helps
quantity_lag6_from_origin,ty_trong_thang_gieng,0.09634297875397689,keep_if_backtest_helps
active_base_skus_asof_origin,seasonal_naive,0.09591159263747062,keep_if_backtest_helps
last_quantity,trend_index,-0.09567857709436438,keep_if_backtest_helps
ty_trong_thang_gieng,ty_trong_thanh_minh,-0.09559224173862557,keep_if_backtest_helps
quantity_lag2_available,rolling_std_6_asof_origin,0.0949584836282055,keep_if_backtest_helps
quantity_lag6_available,top_peer_last_quantity,-0.09425798030088307,keep_if_backtest_helps
top_peer_lag1_quantity,ty_trong_thang_co_hon,0.09401397428211801,keep_if_backtest_helps
quantity_lag2_from_origin,quantity_lag6_available,0.09392547692537598,keep_if_backtest_helps
top5_abs_share_asof_origin,ty_trong_chay_tet,-0.0932692061932817,keep_if_backtest_helps
quantity_lag6_available,rolling_std_3_asof_origin,-0.09325237709581524,keep_if_backtest_helps
ty_trong_chay_tet,ty_trong_thang_co_hon,-0.0914047612483131,keep_if_backtest_helps
quantity_lag12_from_origin,ty_trong_thanh_minh,-0.09134186072061794,keep_if_backtest_helps
quantity_lag12_available,flag_mua_mua,0.09099427361697972,keep_if_backtest_helps
quantity_lag6_from_origin,ty_trong_chay_tet,0.09092940769220857,keep_if_backtest_helps
quantity_lag3_from_origin,system_ex_self_lag1,-0.08994429876200649,keep_if_backtest_helps
quantity_lag2_from_origin,target_month_sin,-0.0897571198099792,keep_if_backtest_helps
top5_abs_share_asof_origin,top_peer_lag1_quantity,0.08970511084576524,keep_if_backtest_helps
region_ex_self_lag3,active_base_skus_asof_origin,-0.089503305738758,keep_if_backtest_helps
active_base_skus_asof_origin,ty_trong_chay_tet,0.08847810459258461,keep_if_backtest_helps
sku_hhi_asof_origin,seasonal_naive,-0.08766172180650539,keep_if_backtest_helps
active_base_skus_asof_origin,trend_index,-0.08744047211079133,keep_if_backtest_helps
last_quantity,target_month_cos,-0.08725364441453219,keep_if_backtest_helps
system_ex_self_lag1,ty_trong_chay_tet,-0.08622600815635259,keep_if_backtest_helps
quantity_lag12_available,target_month_sin,-0.08611514372885153,keep_if_backtest_helps
quantity_lag12_from_origin,ty_trong_thang_co_hon,0.08587582013510209,keep_if_backtest_helps
rolling_std_3_asof_origin,target_month_sin,0.08548365260277077,keep_if_backtest_helps
rolling_mean_6_asof_origin,top_peer_last_quantity,-0.08494947694335467,keep_if_backtest_helps
trend_index,ty_trong_chay_tet,-0.08413151532763095,keep_if_backtest_helps
quantity_lag12_from_origin,trend_index,0.08412670033021266,keep_if_backtest_helps
quantity_lag12_from_origin,target_month_number,0.08412670033021256,keep_if_backtest_helps
quantity_lag6_available,rolling_mean_3_asof_origin,0.08396553159558953,keep_if_backtest_helps
quantity_lag1_from_origin,region_ex_self_lag1,-0.08341708666742434,keep_if_backtest_helps
quantity_lag2_from_origin,region_ex_self_lag2,-0.08309385185352815,keep_if_backtest_helps
ty_trong_chay_tet,ty_trong_thang_gieng,0.08301807910247389,keep_if_backtest_helps
last_quantity,gg_trends_lag1,-0.08296255726604067,keep_if_backtest_helps
region_ex_self_lag1,top5_abs_share_asof_origin,-0.0827452988282578,keep_if_backtest_helps
rolling_mean_6_asof_origin,top_peer_lag1_quantity,-0.0827227473587498,keep_if_backtest_helps
top_peer_last_quantity,flag_mua_mua,0.08182234145021859,keep_if_backtest_helps
region_ex_self_lag2,ty_trong_thang_gieng,-0.08163915458189232,keep_if_backtest_helps
region_ex_self_lag3,top5_abs_share_asof_origin,0.08127045985507002,keep_if_backtest_helps
last_quantity,target_month_sin,-0.08091317432175453,keep_if_backtest_helps
sku_hhi_asof_origin,ty_trong_thanh_minh,0.08075172094856922,keep_if_backtest_helps
rolling_std_3_asof_origin,gg_trends_lag1,-0.08066279729402835,keep_if_backtest_helps
quantity_lag12_available,gg_trends_lag1,0.08066130424273545,keep_if_backtest_helps
target_month_sin,target_month_cos,-0.07977046187694105,keep_if_backtest_helps
rolling_mean_6_asof_origin,target_month_sin,-0.07962449981389438,keep_if_backtest_helps
ewm_3_asof_origin,system_ex_self_lag0,0.07926820812463518,keep_if_backtest_helps
last_quantity,region_ex_self_lag0,-0.07818016924706407,keep_if_backtest_helps
rolling_mean_6_asof_origin,target_month_cos,0.07810819483945382,keep_if_backtest_helps
quantity_lag6_available,ewm_3_asof_origin,0.07801430893576423,keep_if_backtest_helps
system_ex_self_lag1,target_month_cos,-0.07775623238524217,keep_if_backtest_helps
rolling_mean_3_asof_origin,system_ex_self_lag1,0.07724797495036582,keep_if_backtest_helps
quantity_lag12_from_origin,target_month_cos,-0.07640158052729852,keep_if_backtest_helps
quantity_lag3_from_origin,region_ex_self_lag3,-0.07587476540489033,keep_if_backtest_helps
ty_trong_chay_tet,ty_trong_thanh_minh,-0.07525530370235095,keep_if_backtest_helps
region_ex_self_lag3,sku_hhi_asof_origin,0.07516449474602785,keep_if_backtest_helps
sku_hhi_asof_origin,target_month_number,-0.0751310768039482,keep_if_backtest_helps
region_ex_self_lag1,ty_trong_chay_tet,-0.07489972849889408,keep_if_backtest_helps
quantity_lag1_from_origin,trend_index,-0.07488213763059332,keep_if_backtest_helps
recent_growth_3m,system_ex_self_lag0,0.07461183119078375,keep_if_backtest_helps
quantity_lag12_available,top_peer_lag1_quantity,-0.07445277613174278,keep_if_backtest_helps
active_base_skus_asof_origin,gg_trends_lag1,-0.07427259031932451,keep_if_backtest_helps
system_ex_self_lag1,seasonal_naive,-0.07355287332121359,keep_if_backtest_helps
quantity_lag6_from_origin,ty_trong_thang_co_hon,-0.07352051903104807,keep_if_backtest_helps
top_peer_last_quantity,gg_trends_lag1,-0.0733868732214473,keep_if_backtest_helps
quantity_lag6_available,recent_growth_3m,-0.07331970478135355,keep_if_backtest_helps
rolling_std_3_asof_origin,system_ex_self_lag1,-0.0732881023260829,keep_if_backtest_helps
rolling_mean_3_asof_origin,ty_trong_thang_co_hon,0.07269534217022704,keep_if_backtest_helps
quantity_lag1_available,target_month_cos,0.07258926405481896,keep_if_backtest_helps
last_quantity,top_peer_lag1_quantity,-0.07247143595540216,keep_if_backtest_helps
quantity_lag6_available,rolling_std_6_asof_origin,-0.07230471189063484,keep_if_backtest_helps
region_ex_self_lag2,sku_hhi_asof_origin,0.07227296567976418,keep_if_backtest_helps
quantity_lag2_from_origin,system_ex_self_lag0,-0.07110818686927908,keep_if_backtest_helps
rolling_mean_3_asof_origin,gg_trends_lag1,-0.07063728985229137,keep_if_backtest_helps
top_peer_lag1_quantity,ty_trong_thanh_minh,-0.07044512899959275,keep_if_backtest_helps
region_ex_self_lag0,sku_hhi_asof_origin,-0.07027925804968954,keep_if_backtest_helps
rolling_std_6_asof_origin,target_month_sin,-0.07014277390484858,keep_if_backtest_helps
rolling_std_3_asof_origin,flag_mua_mua,-0.07010093748988627,keep_if_backtest_helps
ewm_3_asof_origin,top_peer_lag1_quantity,-0.07004745154708991,keep_if_backtest_helps
rolling_mean_3_asof_origin,system_ex_self_lag0,0.0697592446530505,keep_if_backtest_helps
rolling_mean_3_asof_origin,ty_trong_thanh_minh,-0.06964361571891228,keep_if_backtest_helps
region_ex_self_lag3,ty_trong_thang_co_hon,0.06885952190077553,keep_if_backtest_helps
quantity_lag12_available,system_ex_self_lag0,-0.0686910158523192,keep_if_backtest_helps
quantity_lag6_available,top_peer_lag1_quantity,-0.06807479236733001,keep_if_backtest_helps
active_base_skus_asof_origin,flag_mua_mua,0.06698921629728762,keep_if_backtest_helps
active_base_skus_asof_origin,ty_trong_thang_co_hon,0.0668693314325334,keep_if_backtest_helps
region_ex_self_lag1,ty_trong_thang_gieng,-0.06685170172496845,keep_if_backtest_helps
region_ex_self_lag2,top5_abs_share_asof_origin,0.06682686223694324,keep_if_backtest_helps
trend_index,seasonal_naive,0.06668552147036079,keep_if_backtest_helps
target_month_number,seasonal_naive,0.06668552147036046,keep_if_backtest_helps
quantity_lag1_from_origin,ty_trong_thanh_minh,-0.06663390174991543,keep_if_backtest_helps
top5_abs_share_asof_origin,ty_trong_thang_co_hon,-0.0665649004590016,keep_if_backtest_helps
recent_growth_3m,region_ex_self_lag3,-0.06615280242132447,keep_if_backtest_helps
top5_abs_share_asof_origin,top_peer_last_quantity,0.06580244209049495,keep_if_backtest_helps
quantity_lag2_available,top_peer_last_quantity,0.06578446135046642,keep_if_backtest_helps
top_peer_last_quantity,trend_index,-0.06572786037692141,keep_if_backtest_helps
top_peer_last_quantity,ty_trong_thanh_minh,-0.06550882302357881,keep_if_backtest_helps
quantity_lag1_from_origin,ty_trong_thang_co_hon,0.06486147727639947,keep_if_backtest_helps
region_ex_self_lag3,system_ex_self_lag1,-0.06461429785866388,keep_if_backtest_helps
active_base_skus_asof_origin,top_peer_last_quantity,-0.06453510749040148,keep_if_backtest_helps
quantity_lag3_available,ty_trong_chay_tet,0.06438627900553955,keep_if_backtest_helps
quantity_lag12_from_origin,ty_trong_thang_gieng,-0.06405616793770585,keep_if_backtest_helps
trend_index,ty_trong_thang_co_hon,0.06389109750164725,keep_if_backtest_helps
region_ex_self_lag2,system_ex_self_lag0,-0.06386634832383241,keep_if_backtest_helps
ewm_3_asof_origin,ty_trong_thanh_minh,-0.06367584439499076,keep_if_backtest_helps
quantity_lag1_available,top_peer_lag1_quantity,-0.06364619078702997,keep_if_backtest_helps
quantity_lag12_available,target_month_cos,-0.06282692223210824,keep_if_backtest_helps
quantity_lag3_available,top_peer_lag1_quantity,0.06276172771975345,keep_if_backtest_helps
quantity_lag2_from_origin,top_peer_lag1_quantity,-0.06262407338978167,keep_if_backtest_helps
ewm_3_asof_origin,gg_trends_lag1,-0.062293636792949726,keep_if_backtest_helps
top_peer_last_quantity,ty_trong_thang_co_hon,0.06226728604088014,keep_if_backtest_helps
quantity_lag6_available,flag_mua_mua,-0.061789170901244334,keep_if_backtest_helps
quantity_lag12_available,rolling_mean_6_asof_origin,0.061608518309739534,keep_if_backtest_helps
region_ex_self_lag0,ty_trong_chay_tet,-0.06137332586082494,keep_if_backtest_helps
quantity_lag6_available,region_ex_self_lag1,0.0612005428178807,keep_if_backtest_helps
sku_hhi_asof_origin,ty_trong_chay_tet,-0.0610717086960978,keep_if_backtest_helps
quantity_lag1_from_origin,top_peer_last_quantity,-0.060562196988874016,keep_if_backtest_helps
rolling_mean_6_asof_origin,target_month_number,0.06018233642198688,keep_if_backtest_helps
last_quantity,ty_trong_thang_co_hon,0.059510556732284496,keep_if_backtest_helps
ewm_3_asof_origin,ty_trong_thang_co_hon,0.05928445267977573,keep_if_backtest_helps
ty_trong_thang_gieng,horizon,-0.0587202621592655,keep_if_backtest_helps
quantity_lag2_available,rolling_std_3_asof_origin,0.05850563891455999,keep_if_backtest_helps
rolling_mean_6_asof_origin,ty_trong_thanh_minh,-0.05845944772092148,keep_if_backtest_helps
ewm_3_asof_origin,trend_index,-0.058366644521354094,keep_if_backtest_helps
rolling_std_3_asof_origin,ty_trong_thanh_minh,0.058228164092871806,keep_if_backtest_helps
rolling_mean_3_asof_origin,top_peer_lag1_quantity,-0.058205697447603864,keep_if_backtest_helps
rolling_mean_3_asof_origin,top_peer_last_quantity,-0.05774482948576005,keep_if_backtest_helps
ewm_3_asof_origin,top_peer_last_quantity,-0.057538581080724086,keep_if_backtest_helps
trend_index,horizon,0.057427791829781784,keep_if_backtest_helps
rolling_std_6_asof_origin,ty_trong_thang_co_hon,0.057000516085744385,keep_if_backtest_helps
quantity_lag6_available,ty_trong_thang_co_hon,-0.05699827037287055,keep_if_backtest_helps
quantity_lag2_from_origin,ty_trong_thang_co_hon,0.05672895373003628,keep_if_backtest_helps
quantity_lag1_available,horizon,-0.05606361528818133,keep_if_backtest_helps
last_quantity,ty_trong_thanh_minh,-0.056050110932516405,keep_if_backtest_helps
region_ex_self_lag0,region_ex_self_lag3,0.0558911943270144,keep_if_backtest_helps
top_peer_lag1_quantity,flag_mua_mua,0.05565606516450897,keep_if_backtest_helps
region_ex_self_lag3,ty_trong_thang_gieng,-0.05539456113109531,keep_if_backtest_helps
quantity_lag2_from_origin,trend_index,-0.05529383526941758,keep_if_backtest_helps
top_peer_last_quantity,ty_trong_thang_gieng,-0.054992572284924005,keep_if_backtest_helps
region_ex_self_lag2,ty_trong_chay_tet,-0.054601760678364905,keep_if_backtest_helps
top_peer_lag1_quantity,trend_index,-0.05417364669608153,keep_if_backtest_helps
sku_hhi_asof_origin,ty_trong_thang_co_hon,-0.054046144971387454,keep_if_backtest_helps
rolling_std_6_asof_origin,system_ex_self_lag1,0.053820931513950135,keep_if_backtest_helps
recent_growth_3m,trend_index,-0.053425830366797177,keep_if_backtest_helps
quantity_lag12_from_origin,flag_mua_mua,0.0533276813473298,keep_if_backtest_helps
quantity_lag2_from_origin,target_month_cos,0.05329486255642595,keep_if_backtest_helps
system_ex_self_lag1,ty_trong_thang_gieng,-0.053278485040842746,keep_if_backtest_helps
quantity_lag3_from_origin,target_month_number,0.05144384390151337,keep_if_backtest_helps
region_ex_self_lag1,sku_hhi_asof_origin,-0.050530182499150304,keep_if_backtest_helps
quantity_lag2_available,horizon,-0.05046234820288037,keep_if_backtest_helps
rolling_mean_3_asof_origin,trend_index,-0.05025264106325535,keep_if_backtest_helps
region_ex_self_lag2,gg_trends_lag1,-0.04923947768596621,keep_if_backtest_helps
rolling_mean_3_asof_origin,target_month_number,0.04903086648088637,keep_if_backtest_helps
top_peer_lag1_quantity,target_month_number,0.04893716916725338,keep_if_backtest_helps
ewm_3_asof_origin,system_ex_self_lag1,0.04876964287821887,keep_if_backtest_helps
quantity_lag3_available,horizon,-0.04868329333249991,keep_if_backtest_helps
quantity_lag6_available,horizon,-0.048520340391197674,keep_if_backtest_helps
quantity_lag3_from_origin,flag_mua_mua,-0.048496774251331934,keep_if_backtest_helps
gg_trends_lag1,horizon,0.04803501736845093,keep_if_backtest_helps
quantity_lag2_from_origin,target_month_number,0.04768758879749354,keep_if_backtest_helps
quantity_lag3_available,rolling_std_6_asof_origin,0.04665079012810902,keep_if_backtest_helps
quantity_lag3_from_origin,gg_trends_lag1,0.04604081704098106,keep_if_backtest_helps
horizon,target_month_sin,-0.04449149217431346,keep_if_backtest_helps
system_ex_self_lag1,horizon,0.044470511094828816,keep_if_backtest_helps
quantity_lag12_available,region_ex_self_lag1,0.04443362454866724,keep_if_backtest_helps
quantity_lag12_available,horizon,-0.043971488136737624,keep_if_backtest_helps
horizon,target_month_number,0.0429249010349704,keep_if_backtest_helps
recent_growth_3m,target_month_cos,-0.04223046622427268,keep_if_backtest_helps
quantity_lag12_available,rolling_mean_3_asof_origin,0.04219721515366344,keep_if_backtest_helps
rolling_std_6_asof_origin,ty_trong_thang_gieng,-0.04217449185883565,keep_if_backtest_helps
system_ex_self_lag0,ty_trong_chay_tet,-0.04201625039687897,keep_if_backtest_helps
quantity_lag2_from_origin,gg_trends_lag1,-0.0412581525309179,keep_if_backtest_helps
rolling_std_3_asof_origin,ty_trong_chay_tet,-0.041097363810633704,keep_if_backtest_helps
quantity_lag1_from_origin,quantity_lag6_available,0.04086401762885686,keep_if_backtest_helps
flag_mua_mua,horizon,0.04055006758658515,keep_if_backtest_helps
quantity_lag1_from_origin,system_ex_self_lag0,0.04040739306093094,keep_if_backtest_helps
quantity_lag3_from_origin,trend_index,-0.040372672990508694,keep_if_backtest_helps
rolling_mean_6_asof_origin,ty_trong_chay_tet,0.03991327029286311,keep_if_backtest_helps
quantity_lag6_from_origin,target_month_cos,0.03951945409686402,keep_if_backtest_helps
top_peer_lag1_quantity,target_month_cos,-0.03940347567326491,keep_if_backtest_helps
top5_abs_share_asof_origin,flag_mua_mua,-0.03801021059515778,keep_if_backtest_helps
top5_abs_share_asof_origin,ty_trong_thang_gieng,-0.037846485999580716,keep_if_backtest_helps
system_ex_self_lag0,horizon,0.03726031916492216,keep_if_backtest_helps
quantity_lag3_available,top_peer_last_quantity,0.037177433141409776,keep_if_backtest_helps
ty_trong_thanh_minh,seasonal_naive,0.037155055548228344,keep_if_backtest_helps
quantity_lag3_from_origin,target_month_sin,-0.03700617726768362,keep_if_backtest_helps
quantity_lag12_available,ewm_3_asof_origin,0.03697047671385712,keep_if_backtest_helps
rolling_mean_6_asof_origin,flag_mua_mua,-0.03642859631150154,keep_if_backtest_helps
quantity_lag2_available,ty_trong_chay_tet,0.0364190460971324,keep_if_backtest_helps
quantity_lag12_available,region_ex_self_lag2,0.03607902764485718,keep_if_backtest_helps
region_ex_self_lag3,ty_trong_thanh_minh,-0.03585848276434259,keep_if_backtest_helps
quantity_lag6_available,region_ex_self_lag0,-0.035584337018596666,keep_if_backtest_helps
recent_growth_3m,active_base_skus_asof_origin,-0.035572665113436874,keep_if_backtest_helps
ty_trong_thang_co_hon,seasonal_naive,-0.035263926881586485,keep_if_backtest_helps
region_ex_self_lag2,active_base_skus_asof_origin,-0.03502518041575056,keep_if_backtest_helps
recent_growth_3m,region_ex_self_lag0,0.03448465747271576,keep_if_backtest_helps
quantity_lag12_available,recent_growth_3m,-0.03394123004906725,keep_if_backtest_helps
quantity_lag6_available,system_ex_self_lag1,0.03377106304725763,keep_if_backtest_helps
ewm_3_asof_origin,target_month_number,0.03316123395499723,keep_if_backtest_helps
quantity_lag1_from_origin,top_peer_lag1_quantity,-0.032862563099337716,keep_if_backtest_helps
quantity_lag12_available,ty_trong_thang_co_hon,0.03284979042774489,keep_if_backtest_helps
quantity_lag3_from_origin,recent_growth_3m,-0.03216982271312957,keep_if_backtest_helps
quantity_lag12_available,ty_trong_thanh_minh,0.032120916199634954,keep_if_backtest_helps
quantity_lag2_from_origin,ty_trong_thanh_minh,-0.03202251781569025,keep_if_backtest_helps
last_quantity,ty_trong_thang_gieng,-0.031830000583734454,keep_if_backtest_helps
active_base_skus_asof_origin,target_month_number,0.03148840808744172,keep_if_backtest_helps
rolling_std_3_asof_origin,system_ex_self_lag0,0.030700955165486606,keep_if_backtest_helps
quantity_lag1_from_origin,quantity_lag12_available,0.030435575502846684,keep_if_backtest_helps
quantity_lag12_available,rolling_std_6_asof_origin,-0.030408529516422988,keep_if_backtest_helps
last_quantity,top_peer_last_quantity,-0.02974576708429472,keep_if_backtest_helps
sku_hhi_asof_origin,ty_trong_thang_gieng,-0.029367895892958563,keep_if_backtest_helps
quantity_lag2_from_origin,flag_mua_mua,-0.028771288096264565,keep_if_backtest_helps
rolling_std_3_asof_origin,top_peer_lag1_quantity,-0.028748638656208844,keep_if_backtest_helps
rolling_std_6_asof_origin,ty_trong_chay_tet,-0.028507849238733615,keep_if_backtest_helps
region_ex_self_lag3,flag_mua_mua,0.02827029237336932,keep_if_backtest_helps
recent_growth_3m,top5_abs_share_asof_origin,0.028147444618598833,keep_if_backtest_helps
recent_growth_3m,ty_trong_thang_co_hon,0.028007009271424833,keep_if_backtest_helps
quantity_lag2_from_origin,quantity_lag12_available,0.02743477930792561,keep_if_backtest_helps
recent_growth_3m,gg_trends_lag1,-0.027344418773400637,keep_if_backtest_helps
quantity_lag2_from_origin,system_ex_self_lag1,0.027072036977313987,keep_if_backtest_helps
quantity_lag6_from_origin,gg_trends_lag1,0.026727825152728632,keep_if_backtest_helps
sku_hhi_asof_origin,flag_mua_mua,-0.02668068410575217,keep_if_backtest_helps
quantity_lag1_from_origin,target_month_number,0.02606950246002152,keep_if_backtest_helps
recent_growth_3m,flag_mua_mua,0.02579530968939491,keep_if_backtest_helps
rolling_std_6_asof_origin,flag_mua_mua,0.02562593246248311,keep_if_backtest_helps
active_base_skus_asof_origin,ty_trong_thang_gieng,0.025094547665411856,keep_if_backtest_helps
top_peer_lag1_quantity,ty_trong_chay_tet,-0.02476460692045618,keep_if_backtest_helps
last_quantity,system_ex_self_lag1,0.02445859584335177,keep_if_backtest_helps
recent_growth_3m,system_ex_self_lag1,0.023822185181393563,keep_if_backtest_helps
region_ex_self_lag1,horizon,0.02373984530741958,keep_if_backtest_helps
quantity_lag3_available,rolling_std_3_asof_origin,-0.023530074406070727,keep_if_backtest_helps
active_base_skus_asof_origin,target_month_cos,0.023412029963108434,keep_if_backtest_helps
rolling_mean_6_asof_origin,ty_trong_thang_co_hon,0.023380457043777596,keep_if_backtest_helps
top5_abs_share_asof_origin,trend_index,-0.022884240082454654,keep_if_backtest_helps
sku_hhi_asof_origin,trend_index,-0.022772482018114347,keep_if_backtest_helps
quantity_lag3_from_origin,ty_trong_chay_tet,0.02180696762609663,keep_if_backtest_helps
rolling_std_6_asof_origin,ty_trong_thanh_minh,-0.021326814915917848,keep_if_backtest_helps
quantity_lag3_from_origin,quantity_lag12_available,0.020908321380376862,keep_if_backtest_helps
quantity_lag1_available,top_peer_last_quantity,0.020615330779911487,keep_if_backtest_helps
quantity_lag6_from_origin,trend_index,-0.020425589793422853,keep_if_backtest_helps
quantity_lag12_from_origin,recent_growth_3m,0.019370984397187627,keep_if_backtest_helps
rolling_mean_6_asof_origin,recent_growth_3m,-0.019110097959542455,keep_if_backtest_helps
ty_trong_chay_tet,horizon,-0.018868467831674413,keep_if_backtest_helps
target_month_sin,seasonal_naive,-0.01851945022148449,keep_if_backtest_helps
rolling_std_6_asof_origin,top_peer_lag1_quantity,-0.018497549329275487,keep_if_backtest_helps
rolling_std_3_asof_origin,ty_trong_thang_co_hon,-0.018292163064437917,keep_if_backtest_helps
quantity_lag1_from_origin,recent_growth_3m,-0.017928625968347277,keep_if_backtest_helps
rolling_mean_3_asof_origin,ty_trong_thang_gieng,-0.01771159121353802,keep_if_backtest_helps
region_ex_self_lag0,horizon,0.017688573888769963,keep_if_backtest_helps
quantity_lag1_from_origin,target_month_cos,-0.016934332849063344,keep_if_backtest_helps
quantity_lag12_available,region_ex_self_lag3,0.016851849728211018,keep_if_backtest_helps
region_ex_self_lag3,horizon,-0.01650213584142599,keep_if_backtest_helps
ewm_3_asof_origin,target_month_cos,-0.01642734402309361,keep_if_backtest_helps
ewm_3_asof_origin,ty_trong_thang_gieng,-0.016426743476198595,keep_if_backtest_helps
ewm_3_asof_origin,ty_trong_chay_tet,0.016235115365847697,keep_if_backtest_helps
rolling_std_6_asof_origin,horizon,0.016181701069602775,keep_if_backtest_helps
quantity_lag1_from_origin,horizon,0.015473224637383659,keep_if_backtest_helps
recent_growth_3m,region_ex_self_lag2,0.015411360788420187,keep_if_backtest_helps
system_ex_self_lag0,trend_index,0.015308634352826636,keep_if_backtest_helps
quantity_lag12_available,region_ex_self_lag0,0.01530408206080496,keep_if_backtest_helps
rolling_std_3_asof_origin,horizon,0.015221359432512953,keep_if_backtest_helps
top_peer_last_quantity,target_month_number,0.014373704009308276,keep_if_backtest_helps
quantity_lag2_available,top_peer_lag1_quantity,0.01431989609583816,keep_if_backtest_helps
rolling_std_6_asof_origin,top_peer_last_quantity,-0.014158360575395575,keep_if_backtest_helps
recent_growth_3m,target_month_sin,-0.01412768537224727,keep_if_backtest_helps
last_quantity,ty_trong_chay_tet,0.013922705580844186,keep_if_backtest_helps
quantity_lag6_from_origin,ty_trong_thanh_minh,0.013860007599217999,keep_if_backtest_helps
ewm_3_asof_origin,recent_growth_3m,-0.01378180764645917,keep_if_backtest_helps
last_quantity,horizon,0.013736246722649947,keep_if_backtest_helps
horizon,target_month_cos,-0.013382212245544752,keep_if_backtest_helps
quantity_lag12_available,system_ex_self_lag1,-0.013108932010170746,keep_if_backtest_helps
quantity_lag2_from_origin,recent_growth_3m,-0.013054677130192746,keep_if_backtest_helps
quantity_lag2_from_origin,horizon,0.013014339855872312,keep_if_backtest_helps
rolling_mean_3_asof_origin,horizon,0.01298473136047926,keep_if_backtest_helps
active_base_skus_asof_origin,horizon,0.012967497498117759,keep_if_backtest_helps
region_ex_self_lag2,top_peer_last_quantity,-0.012918366418594198,keep_if_backtest_helps
rolling_mean_3_asof_origin,recent_growth_3m,-0.012858970824561581,keep_if_backtest_helps
recent_growth_3m,sku_hhi_asof_origin,0.012692672905084268,keep_if_backtest_helps
rolling_std_3_asof_origin,ty_trong_thang_gieng,-0.012618649792574049,keep_if_backtest_helps
ewm_3_asof_origin,horizon,0.012371266653757736,keep_if_backtest_helps
region_ex_self_lag3,top_peer_lag1_quantity,-0.012109079210579583,keep_if_backtest_helps
ty_trong_thang_co_hon,horizon,0.011997275095585767,keep_if_backtest_helps
region_ex_self_lag1,target_month_cos,-0.011770323402106887,keep_if_backtest_helps
region_ex_self_lag2,horizon,0.0107004587681727,keep_if_backtest_helps
top_peer_lag1_quantity,horizon,0.01055517768840451,keep_if_backtest_helps
quantity_lag3_from_origin,ty_trong_thanh_minh,0.010525366675908983,keep_if_backtest_helps
rolling_mean_6_asof_origin,trend_index,-0.01048692759486487,keep_if_backtest_helps
quantity_lag1_from_origin,ty_trong_thang_gieng,0.01043729495782236,keep_if_backtest_helps
ty_trong_thanh_minh,horizon,0.009877588088286152,keep_if_backtest_helps
recent_growth_3m,ty_trong_thang_gieng,-0.009417189725991273,keep_if_backtest_helps
last_quantity,quantity_lag6_available,0.009407179212887128,keep_if_backtest_helps
top_peer_last_quantity,horizon,0.009254719365128124,keep_if_backtest_helps
recent_growth_3m,ty_trong_chay_tet,-0.00922822354125893,keep_if_backtest_helps
recent_growth_3m,ty_trong_thanh_minh,-0.00859501770363213,keep_if_backtest_helps
quantity_lag12_from_origin,horizon,0.008453261206154352,keep_if_backtest_helps
rolling_mean_6_asof_origin,gg_trends_lag1,0.008384095120437057,keep_if_backtest_helps
recent_growth_3m,top_peer_lag1_quantity,-0.008262689875585856,keep_if_backtest_helps
last_quantity,flag_mua_mua,0.00793652057019463,keep_if_backtest_helps
rolling_mean_3_asof_origin,flag_mua_mua,0.0078777018566614,keep_if_backtest_helps
rolling_mean_3_asof_origin,ty_trong_chay_tet,0.007815173007304246,keep_if_backtest_helps
rolling_mean_6_asof_origin,horizon,0.007649804381533401,keep_if_backtest_helps
rolling_std_3_asof_origin,top_peer_last_quantity,-0.0074558270975861995,keep_if_backtest_helps
top5_abs_share_asof_origin,gg_trends_lag1,0.007200288536888833,keep_if_backtest_helps
quantity_lag3_from_origin,horizon,0.007193008760045146,keep_if_backtest_helps
recent_growth_3m,target_month_number,-0.0064076423294602836,keep_if_backtest_helps
rolling_mean_6_asof_origin,system_ex_self_lag0,-0.005924353232870474,keep_if_backtest_helps
recent_growth_3m,top_peer_last_quantity,-0.0056676915691705266,keep_if_backtest_helps
system_ex_self_lag0,seasonal_naive,0.00563425562683243,keep_if_backtest_helps
rolling_std_3_asof_origin,recent_growth_3m,-0.005538459563959927,keep_if_backtest_helps
quantity_lag2_from_origin,ty_trong_thang_gieng,-0.005436333114556234,keep_if_backtest_helps
sku_hhi_asof_origin,horizon,-0.00495185486648377,keep_if_backtest_helps
last_quantity,recent_growth_3m,-0.004951118999746211,keep_if_backtest_helps
quantity_lag2_from_origin,ty_trong_chay_tet,0.004433930506096519,keep_if_backtest_helps
rolling_mean_3_asof_origin,target_month_cos,-0.00440056522574239,keep_if_backtest_helps
rolling_std_6_asof_origin,target_month_number,-0.004258807273452005,keep_if_backtest_helps
quantity_lag3_from_origin,ty_trong_thang_co_hon,-0.004071277144315619,keep_if_backtest_helps
quantity_lag12_available,rolling_std_3_asof_origin,0.003858814231439764,keep_if_backtest_helps
recent_growth_3m,seasonal_naive,-0.0037818818328679495,keep_if_backtest_helps
quantity_lag1_from_origin,flag_mua_mua,-0.0036527418528217994,keep_if_backtest_helps
top5_abs_share_asof_origin,horizon,-0.0034589131608704048,keep_if_backtest_helps
region_ex_self_lag3,ty_trong_chay_tet,-0.003296523732815032,keep_if_backtest_helps
rolling_mean_6_asof_origin,system_ex_self_lag1,0.00329381484874729,keep_if_backtest_helps
recent_growth_3m,region_ex_self_lag1,-0.0029084222020172496,keep_if_backtest_helps
top_peer_lag1_quantity,ty_trong_thang_gieng,-0.0028957371561202094,keep_if_backtest_helps
quantity_lag6_available,ty_trong_thang_gieng,-0.0025896834815794913,keep_if_backtest_helps
quantity_lag6_from_origin,quantity_lag12_available,-0.0025054760186595275,keep_if_backtest_helps
flag_mua_mua,seasonal_naive,0.002479359629877919,keep_if_backtest_helps
ewm_3_asof_origin,flag_mua_mua,-0.0021086849109709016,keep_if_backtest_helps
recent_growth_3m,horizon,0.002107595174612274,keep_if_backtest_helps
last_quantity,quantity_lag12_available,0.0019874214818542254,keep_if_backtest_helps
quantity_lag3_from_origin,ty_trong_thang_gieng,0.001884541159417592,keep_if_backtest_helps
last_quantity,target_month_number,-0.001763266908054394,keep_if_backtest_helps
quantity_lag1_from_origin,ty_trong_chay_tet,-0.0016362770693960774,keep_if_backtest_helps
rolling_mean_6_asof_origin,ty_trong_thang_gieng,0.001550905076999054,keep_if_backtest_helps
gg_trends_lag1,seasonal_naive,-0.0013798879119279928,keep_if_backtest_helps
sku_hhi_asof_origin,gg_trends_lag1,-0.0008290893149409448,keep_if_backtest_helps
quantity_lag6_from_origin,horizon,0.0007459840067054871,keep_if_backtest_helps
top_peer_last_quantity,ty_trong_chay_tet,0.0006608395152896336,keep_if_backtest_helps
rolling_std_6_asof_origin,recent_growth_3m,0.00047380216713412956,keep_if_backtest_helps
quantity_lag1_available,ty_trong_chay_tet,-0.0003315718027391992,keep_if_backtest_helps
horizon,seasonal_naive,1.6831405040627468e-19,keep_if_backtest_helps
